Repeat_number,Bee_ID,Colony,Weight,Compound,Dose_ng_per_bee,Dose_consumption,0hrs,3hrs,24hrs,48hrs,final,Feeding_weight_start,Feeding_weight_end,Consumption_g_48hrs,Consumption_g_24hrs,Thorax_width_mm,EVAP_48hr,Adjusted_48hr,Final_adjustment
1,X1,G1,NA,TMX,0,N,1,0,NA,NA,NA,NA,NA,#VALUE!,#VALUE!,NA,0.0706,#VALUE!,#VALUE!
1,X2,G1,0.214,TMX,0,Y,1,1,1,1,1,3.39,2.1524,1.2376,0.6188,NA,0.0706,1.167,1.167
1,X3,G1,NA,TMX,0,N,1,1,NA,NA,NA,NA,NA,#VALUE!,#VALUE!,NA,0.0706,#VALUE!,#VALUE!
1,X4,G1,0.1645,TMX,0,Y,1,1,1,1,1,3.4103,2.1571,1.2532,0.6266,NA,0.0706,1.1826,1.1826
1,X5,G1,0.211,TMX,0,Y,1,1,1,1,1,3.3102,2.1166,1.1936,0.5968,NA,0.0706,1.123,1.123
1,X6,G1,0.2547,TMX,0,Y,1,1,1,1,1,3.3707,2.422,0.9487,0.47435,NA,0.0706,0.8781,0.8781
1,X7,G1,NA,TMX,0,N,1,1,NA,NA,NA,NA,NA,#VALUE!,#VALUE!,NA,0.0706,#VALUE!,#VALUE!
1,X8,G1,NA,TMX,0,N,1,1,NA,NA,NA,NA,NA,#VALUE!,#VALUE!,NA,0.0706,#VALUE!,#VALUE!
1,X9,G1,0.1537,TMX,0,Y,1,1,1,1,1,3.1093,2.139,0.9703,0.48515,NA,0.0706,0.8997,0.8997
1,X10,G1,NA,TMX,0,N,1,1,NA,NA,NA,NA,NA,#VALUE!,#VALUE!,NA,0.0706,#VALUE!,#VALUE!
1,X11,G2,0.2336,TMX,0,Y,1,1,1,1,1,3.3325,3.0752,0.2573,0.12865,NA,0.0706,0.1867,0.1867
1,X12,G2,0.1936,TMX,0,Y,1,1,1,1,1,3.2555,3.0479,0.2076,0.1038,NA,0.0706,0.137,0.137
1,X13,G2,NA,TMX,0,N,1,1,NA,NA,NA,NA,NA,#VALUE!,#VALUE!,NA,0.0706,#VALUE!,#VALUE!
1,X14,G2,0.2298,TMX,0,Y,1,1,1,1,1,3.2379,2.259,0.9789,0.48945,NA,0.0706,0.9083,0.9083
1,X15,G2,0.1252,TMX,0,Y,1,1,1,1,1,3.1868,2.1245,1.0623,0.53115,NA,0.0706,0.9917,0.9917
1,X16,G2,NA,TMX,0,N,1,1,NA,NA,NA,NA,NA,#VALUE!,#VALUE!,NA,0.0706,#VALUE!,#VALUE!
1,X17,G2,0.1482,TMX,0,Y,1,1,1,1,1,3.2373,2.8966,0.3407,0.17035,NA,0.0706,0.2701,0.2701
1,X18,G2,0.1478,TMX,0,Y,1,1,1,1,1,3.3713,2.9207,0.4506,0.2253,NA,0.0706,0.38,0.38
1,X19,G2,0.1703,TMX,0,Y,1,1,1,1,1,3.2958,3.0533,0.2425,0.12125,NA,0.0706,0.1719,0.1719
1,X20,G2,0.2361,TMX,0,Y,1,1,1,1,1,3.2435,2.1523,1.0912,0.5456,NA,0.0706,1.0206,1.0206
1,A1,G1,0.2178,TMX,10,Y,1,1,0,0,0,3.1789,3.0455,0.2668,0.1334,NA,0.0706,0.1962,0.1962
1,A2,G1,0.1759,TMX,10,Y,1,1,0,0,0,3.3377,3.2747,0.126,0.063,NA,0.0706,0.0554,0.0554
1,A3,G1,0.1549,TMX,10,Y,1,1,0,0,0,3.393,3.2653,0.2554,0.1277,NA,0.0706,0.1848,0.1848
1,A4,G1,NA,TMX,10,N,1,0,NA,NA,NA,NA,NA,#VALUE!,#VALUE!,NA,0.0706,#VALUE!,#VALUE!
1,A5,G1,NA,TMX,10,N,1,1,NA,NA,NA,NA,NA,#VALUE!,#VALUE!,NA,0.0706,#VALUE!,#VALUE!
1,A6,G1,0.1861,TMX,10,Y,1,1,0,0,0,3.3509,3.1986,0.3046,0.1523,NA,0.0706,0.234,0.234
1,A7,G1,0.2059,TMX,10,Y,1,1,0,0,0,3.3813,3.2879,0.1868,0.0934,NA,0.0706,0.1162,0.1162
1,A8,G1,0.1514,TMX,10,Y,1,1,0,0,0,3.4134,3.3696,0.0876,0.0438,NA,0.0706,0.017,0.017
1,A9,G1,NA,TMX,10,N,1,1,NA,NA,NA,NA,NA,#VALUE!,#VALUE!,NA,0.0706,#VALUE!,#VALUE!
1,A10,G1,NA,TMX,10,N,1,1,NA,NA,NA,NA,NA,#VALUE!,#VALUE!,NA,0.0706,#VALUE!,#VALUE!
1,A11,G2,0.22,TMX,10,Y,1,1,0,0,0,3.4358,3.3894,0.0928,0.0464,NA,0.0706,0.0222,0.0222
1,A12,G2,NA,TMX,10,N,1,1,NA,NA,NA,NA,NA,#VALUE!,#VALUE!,NA,0.0706,#VALUE!,#VALUE!
1,A13,G2,NA,TMX,10,N,1,0,NA,NA,NA,NA,NA,#VALUE!,#VALUE!,NA,0.0706,#VALUE!,#VALUE!
1,A14,G2,NA,TMX,10,Y,1,0,0,0,0,3.4079,NA,#VALUE!,#VALUE!,NA,0.0706,#VALUE!,#VALUE!
1,A15,G2,NA,TMX,10,N,1,1,NA,NA,NA,NA,NA,#VALUE!,#VALUE!,NA,0.0706,#VALUE!,#VALUE!
1,A16,G2,NA,TMX,10,N,1,1,NA,NA,NA,NA,NA,#VALUE!,#VALUE!,NA,0.0706,#VALUE!,#VALUE!
1,A17,G2,0.1428,TMX,10,Y,1,1,0,0,0,3.3589,3.3002,0.1174,0.0587,NA,0.0706,0.0468,0.0468
1,A18,G2,NA,TMX,10,Y,1,0,0,0,0,3.4043,NA,#VALUE!,#VALUE!,NA,0.0706,#VALUE!,#VALUE!
1,A19,G2,0.2104,TMX,10,Y,1,1,0,0,0,3.3896,3.2791,0.221,0.1105,NA,0.0706,0.1504,0.1504
1,A20,G2,NA,TMX,10,N,1,1,NA,NA,NA,NA,NA,#VALUE!,#VALUE!,NA,0.0706,#VALUE!,#VALUE!
1,B1,G1,0.1989,TMX,2.5,N,1,0,NA,NA,NA,3.391,NA,#VALUE!,#VALUE!,NA,0.0706,#VALUE!,#VALUE!
1,B2,G1,0.207,TMX,2.5,Y,1,1,1,1,1,3.3887,2.1665,1.2222,0.6111,NA,0.0706,1.1516,1.1516
1,B3,G1,0.2043,TMX,2.5,Y,1,1,1,1,1,3.3788,2.1901,1.1887,0.59435,NA,0.0706,1.1181,1.1181
1,B4,G1,0.1557,TMX,2.5,Y,1,1,1,1,1,3.4181,2.1623,1.2558,0.6279,NA,0.0706,1.1852,1.1852
1,B5,G1,0.2166,TMX,2.5,Y,1,1,1,1,1,3.4347,3.0257,0.409,0.2045,NA,0.0706,0.3384,0.3384
1,B6,G1,0.1722,TMX,2.5,Y,1,1,1,1,1,3.3971,2.169,1.2281,0.61405,NA,0.0706,1.1575,1.1575
1,B7,G1,0.1854,TMX,2.5,Y,1,1,1,1,1,3.4082,2.8302,0.578,0.289,NA,0.0706,0.5074,0.5074
1,B8,G1,0.4423,TMX,2.5,Y,1,1,1,1,1,3.4127,2.4766,0.9361,0.46805,NA,0.0706,0.8655,0.8655
1,B9,G1,0.1647,TMX,2.5,Y,1,1,1,1,1,3.3677,2.1767,1.191,0.5955,NA,0.0706,1.1204,1.1204
1,B10,G1,0.2155,TMX,2.5,Y,1,1,0,0,0,3.3491,3.3176,0.063,0.0315,NA,0.0706,-0.0076,0
1,B11,G2,0.1481,TMX,2.5,Y,1,1,0,0,0,3.21,3.1835,0.053,0.0265,NA,0.0706,-0.0176,0
1,B12,G2,NA,TMX,2.5,N,1,1,0,0,0,NA,NA,#VALUE!,#VALUE!,NA,0.0706,#VALUE!,#VALUE!
1,B13,G2,NA,TMX,2.5,N,1,1,0,0,0,NA,NA,#VALUE!,#VALUE!,NA,0.0706,#VALUE!,#VALUE!
1,B14,G2,0.164,TMX,2.5,Y,1,1,1,1,1,3.1896,2.5621,0.6275,0.31375,NA,0.0706,0.5569,0.5569
1,B15,G2,0.0998,TMX,2.5,Y,1,1,0,0,0,3.2012,3.1744,0.0536,0.0268,NA,0.0706,-0.017,0
1,B16,G2,NA,TMX,2.5,N,1,1,0,,,NA,NA,#VALUE!,#VALUE!,NA,0.0706,#VALUE!,#VALUE!
1,B17,G2,NA,TMX,2.5,N,1,1,0,0,0,NA,NA,#VALUE!,#VALUE!,NA,0.0706,#VALUE!,#VALUE!
1,B18,G2,0.2161,TMX,2.5,Y,1,1,0,0,0,3.2536,3.2265,0.0542,0.0271,NA,0.0706,-0.0164,0
1,B19,G2,NA,TMX,2.5,N,1,0,0,0,0,NA,NA,#VALUE!,#VALUE!,NA,0.0706,#VALUE!,#VALUE!
1,B20,G2,0.1887,TMX,2.5,Y,1,1,1,1,1,3.2168,2.6792,0.5376,0.2688,NA,0.0706,0.467,0.467
1,C1,G1,0.2092,TMX,5,Y,1,1,1,1,1,3.1925,2.1519,1.0406,0.5203,NA,0.0706,0.97,0.97
1,C2,G1,0.2097,TMX,5,Y,1,1,1,1,1,3.2181,2.1295,1.0886,0.5443,NA,0.0706,1.018,1.018
1,C3,G1,0.181,TMX,5,Y,1,1,1,1,1,3.2543,2.3494,0.9049,0.45245,NA,0.0706,0.8343,0.8343
1,C4,G1,0.2,TMX,5,Y,1,1,1,1,1,3.3229,2.1488,1.1741,0.58705,NA,0.0706,1.1035,1.1035
1,C5,G1,0.1822,TMX,5,Y,1,1,0,0,0,3.2866,3.1903,0.1926,0.0963,NA,0.0706,0.122,0.122
1,C6,G1,0.2679,TMX,5,Y,1,1,1,1,1,3.3317,2.2105,1.1212,0.5606,NA,0.0706,1.0506,1.0506
1,C7,G1,0.2057,TMX,5,Y,1,1,1,1,1,3.2792,2.1411,1.1381,0.56905,NA,0.0706,1.0675,1.0675
1,C8,G1,NA,TMX,5,N,1,1,NA,NA,NA,NA,NA,#VALUE!,#VALUE!,NA,0.0706,#VALUE!,#VALUE!
1,C9,G1,NA,TMX,5,N,1,1,NA,NA,NA,NA,NA,#VALUE!,#VALUE!,NA,0.0706,#VALUE!,#VALUE!
1,C10,G1,0.2429,TMX,5,Y,1,1,1,1,1,3.3844,2.1478,1.2366,0.6183,NA,0.0706,1.166,1.166
1,C11,G2,0.1589,TMX,5,Y,1,1,1,1,1,3.3204,2.2345,1.0859,0.54295,NA,0.0706,1.0153,1.0153
1,C12,G2,NA,TMX,5,N,1,1,NA,NA,NA,NA,NA,#VALUE!,#VALUE!,NA,0.0706,#VALUE!,#VALUE!
1,C13,G2,NA,TMX,5,N,1,1,NA,NA,NA,NA,NA,#VALUE!,#VALUE!,NA,0.0706,#VALUE!,#VALUE!
1,C14,G2,0.171,TMX,5,Y,1,1,1,1,1,3.3493,2.6919,0.6574,0.3287,NA,0.0706,0.5868,0.5868
1,C15,G2,NA,TMX,5,N,1,1,NA,NA,NA,NA,NA,#VALUE!,#VALUE!,NA,0.0706,#VALUE!,#VALUE!
1,C16,G2,NA,TMX,5,N,1,1,NA,NA,NA,NA,NA,#VALUE!,#VALUE!,NA,0.0706,#VALUE!,#VALUE!
1,C17,G2,0.2053,TMX,5,Y,1,1,1,1,1,3.3544,2.4566,0.8978,0.4489,NA,0.0706,0.8272,0.8272
1,C18,G2,NA,TMX,5,N,1,1,NA,NA,NA,NA,NA,#VALUE!,#VALUE!,NA,0.0706,#VALUE!,#VALUE!
1,C19,G2,NA,TMX,5,N,1,1,NA,NA,NA,NA,NA,#VALUE!,#VALUE!,NA,0.0706,#VALUE!,#VALUE!
1,C20,G2,0.29,TMX,5,Y,1,1,1,1,1,3.3483,2.7484,0.5999,0.29995,NA,0.0706,0.5293,0.5293
1,D1,G1,NA,TMX,40,Y,1,0,0,0,0,NA,NA,#VALUE!,#VALUE!,NA,0.0706,#VALUE!,#VALUE!
1,D2,G1,NA,TMX,40,Y,1,0,0,0,0,NA,NA,#VALUE!,#VALUE!,NA,0.0706,#VALUE!,#VALUE!
1,D3,G1,NA,TMX,40,Y,1,0,0,0,0,NA,NA,#VALUE!,#VALUE!,NA,0.0706,#VALUE!,#VALUE!
1,D4,G1,NA,TMX,40,N,1,0,0,0,0,NA,NA,#VALUE!,#VALUE!,NA,0.0706,#VALUE!,#VALUE!
1,D5,G1,NA,TMX,40,Y,1,0,0,0,0,NA,NA,#VALUE!,#VALUE!,NA,0.0706,#VALUE!,#VALUE!
1,D6,G1,NA,TMX,40,N,1,1,NA,NA,NA,NA,NA,#VALUE!,#VALUE!,NA,0.0706,#VALUE!,#VALUE!
1,D7,G1,NA,TMX,40,N,1,0,NA,NA,NA,NA,NA,#VALUE!,#VALUE!,NA,0.0706,#VALUE!,#VALUE!
1,D8,G1,NA,TMX,40,Y,1,0,0,0,0,NA,NA,#VALUE!,#VALUE!,NA,0.0706,#VALUE!,#VALUE!
1,D9,G1,NA,TMX,40,Y,1,0,0,0,0,NA,NA,#VALUE!,#VALUE!,NA,0.0706,#VALUE!,#VALUE!
1,D10,G1,NA,TMX,40,Y,1,0,0,0,0,NA,NA,#VALUE!,#VALUE!,NA,0.0706,#VALUE!,#VALUE!
1,D11,G2,NA,TMX,40,Y,1,0,0,0,0,NA,NA,#VALUE!,#VALUE!,NA,0.0706,#VALUE!,#VALUE!
1,D12,G2,0.1583,TMX,40,Y,1,0,0,0,0,NA,NA,#VALUE!,#VALUE!,NA,0.0706,#VALUE!,#VALUE!
1,D13,G2,NA,TMX,40,Y,1,0,0,0,0,NA,NA,#VALUE!,#VALUE!,NA,0.0706,#VALUE!,#VALUE!
1,D14,G2,NA,TMX,40,Y,1,0,0,0,0,NA,NA,#VALUE!,#VALUE!,NA,0.0706,#VALUE!,#VALUE!
1,D15,G2,NA,TMX,40,N,1,1,NA,NA,NA,NA,NA,#VALUE!,#VALUE!,NA,0.0706,#VALUE!,#VALUE!
1,D16,G2,NA,TMX,40,Y,1,0,0,0,0,3.3792,NA,#VALUE!,#VALUE!,NA,0.0706,#VALUE!,#VALUE!
1,D17,G2,NA,TMX,40,N,1,1,NA,NA,NA,NA,NA,#VALUE!,#VALUE!,NA,0.0706,#VALUE!,#VALUE!
1,D18,G2,NA,TMX,40,Y,1,0,0,0,0,3.4033,NA,#VALUE!,#VALUE!,NA,0.0706,#VALUE!,#VALUE!
1,D19,G2,NA,TMX,40,N,1,0,NA,NA,NA,3.4098,NA,#VALUE!,#VALUE!,NA,0.0706,#VALUE!,#VALUE!
1,D20,G2,NA,TMX,40,Y,1,0,0,0,0,3.3372,NA,#VALUE!,#VALUE!,NA,0.0706,#VALUE!,#VALUE!
1,E1,NA,NA,NA,NA,NA,NA,,NA,NA,NA,NA,NA,#VALUE!,#VALUE!,NA,0.0706,#VALUE!,#VALUE!
1,E2,G1,NA,TMX,20,N,1,0,0,0,0,3.319,NA,#VALUE!,#VALUE!,NA,0.0706,#VALUE!,#VALUE!
1,E3,G1,NA,TMX,20,N,1,1,NA,NA,NA,3.1938,NA,#VALUE!,#VALUE!,NA,0.0706,#VALUE!,#VALUE!
1,E4,G1,NA,TMX,20,Y,1,0,0,0,0,3.4056,NA,#VALUE!,#VALUE!,NA,0.0706,#VALUE!,#VALUE!
1,E5,G1,NA,TMX,20,N,1,0,0,0,0,3.3034,NA,#VALUE!,#VALUE!,NA,0.0706,#VALUE!,#VALUE!
1,E6,G1,NA,TMX,20,N,1,1,NA,NA,NA,3.3159,NA,#VALUE!,#VALUE!,NA,0.0706,#VALUE!,#VALUE!
1,E7,G1,0.241,TMX,20,Y,1,1,0,0,0,3.3861,3.2974,0.1774,0.0887,NA,0.0706,0.1068,0.1068
1,E8,G1,NA,TMX,20,N,1,1,NA,NA,NA,3.4392,NA,#VALUE!,#VALUE!,NA,0.0706,#VALUE!,#VALUE!
1,E9,G1,NA,TMX,20,Y,1,0,0,0,0,3.4268,NA,#VALUE!,#VALUE!,NA,0.0706,#VALUE!,#VALUE!
1,E10,G1,NA,TMX,20,N,1,1,NA,NA,NA,3.257,NA,#VALUE!,#VALUE!,NA,0.0706,#VALUE!,#VALUE!
1,E11,G2,NA,TMX,20,Y,1,0,0,0,0,3.3856,NA,#VALUE!,#VALUE!,NA,0.0706,#VALUE!,#VALUE!
1,E12,G2,NA,TMX,20,N,1,0,NA,NA,NA,3.4203,NA,#VALUE!,#VALUE!,NA,0.0706,#VALUE!,#VALUE!
1,E13,G2,NA,TMX,20,Y,1,0,0,0,0,3.4183,NA,#VALUE!,#VALUE!,NA,0.0706,#VALUE!,#VALUE!
1,E14,G2,NA,TMX,20,N,1,0,0,0,0,3.3476,NA,#VALUE!,#VALUE!,NA,0.0706,#VALUE!,#VALUE!
1,E15,G2,NA,TMX,20,N,1,0,0,0,0,3.3385,NA,#VALUE!,#VALUE!,NA,0.0706,#VALUE!,#VALUE!
1,E16,G2,NA,TMX,20,N,1,1,NA,NA,NA,3.3617,NA,#VALUE!,#VALUE!,NA,0.0706,#VALUE!,#VALUE!
1,E17,G2,NA,TMX,20,N,1,0,0,0,0,3.3811,NA,#VALUE!,#VALUE!,NA,0.0706,#VALUE!,#VALUE!
1,E18,G2,NA,TMX,20,N,1,0,0,0,0,3.3747,NA,#VALUE!,#VALUE!,NA,0.0706,#VALUE!,#VALUE!
1,E19,G2,NA,TMX,20,Y,1,0,0,0,0,3.4327,NA,#VALUE!,#VALUE!,NA,0.0706,#VALUE!,#VALUE!
1,E20,G2,NA,TMX,20,Y,1,0,0,0,0,3.3644,NA,#VALUE!,#VALUE!,NA,0.0706,#VALUE!,#VALUE!
1,X1,G1,0.175,FLU,0,Y,1,1,1,1,1,3.2801,2.7781,0.502,0.251,4.87,0.0706,0.4314,0.4314
1,X2,G1,0.1932,FLU,0,N,1,1,NA,NA,NA,3.3191,NA,#VALUE!,#VALUE!,NA,0.0706,#VALUE!,#VALUE!
1,X3,G1,0.1276,FLU,0,Y,1,1,1,1,1,3.3062,2.396,0.9102,0.4551,4.25,0.0706,0.8396,0.8396
1,X4,G1,0.1758,FLU,0,N,1,0,0,0,0,3.3208,NA,#VALUE!,#VALUE!,NA,0.0706,#VALUE!,#VALUE!
1,X5,G1,0.2271,FLU,0,Y,1,1,1,1,1,3.2375,2.8056,0.4319,0.21595,5.55,0.0706,0.3613,0.3613
1,X6,G1,0.2985,FLU,0,Y,1,1,1,1,1,3.3057,2.5485,0.7572,0.3786,6.14,0.0706,0.6866,0.6866
1,X7,G1,0.3534,FLU,0,Y,1,1,1,1,1,3.2772,2.5192,0.758,0.379,5.49,0.0706,0.6874,0.6874
1,X8,G1,0.2514,FLU,0,Y,1,1,1,1,1,3.3173,2.4993,0.818,0.409,5.08,0.0706,0.7474,0.7474
1,X9,G1,0.1806,FLU,0,N,1,1,NA,NA,NA,3.3108,NA,#VALUE!,#VALUE!,NA,0.0706,#VALUE!,#VALUE!
1,X10,G1,0.3117,FLU,0,Y,1,1,1,1,1,3.2121,2.1667,1.0454,0.5227,5.75,0.0706,0.9748,0.9748
1,X11,G2,0.13,FLU,0,Y,1,1,1,1,1,3.3508,2.6471,0.7037,0.35185,4.25,0.0706,0.6331,0.6331
1,X12,G2,0.1198,FLU,0,N,1,1,NA,NA,NA,3.3325,NA,#VALUE!,#VALUE!,NA,0.0706,#VALUE!,#VALUE!
1,X13,G2,0.2228,FLU,0,Y,1,1,1,1,1,3.2551,2.3662,0.8889,0.44445,4.92,0.0706,0.8183,0.8183
1,X14,G2,0.2518,FLU,0,Y,1,1,1,1,1,3.3835,2.1165,1.267,0.6335,5.64,0.0706,1.1964,1.1964
1,X15,G2,0.1934,FLU,0,Y,1,1,1,1,1,3.3684,2.2005,1.1679,0.58395,4.56,0.0706,1.0973,1.0973
1,X16,G2,0.2737,FLU,0,Y,1,1,1,1,1,3.2483,2.7747,0.4736,0.2368,5.8,0.0706,0.403,0.403
1,X17,G2,0.2137,FLU,0,Y,1,1,1,1,1,3.3808,2.3226,1.0582,0.5291,5.27,0.0706,0.9876,0.9876
1,X18,G2,0.2322,FLU,0,Y,1,1,1,1,1,3.3466,2.9604,0.3862,0.1931,5.12,0.0706,0.3156,0.3156
1,X19,G2,0.1707,FLU,0,N,1,1,NA,NA,NA,3.3771,NA,#VALUE!,#VALUE!,NA,0.0706,#VALUE!,#VALUE!
1,X20,G2,0.1728,FLU,0,Y,1,1,1,0,0,3.3908,3.2028,0.376,0.188,6.25,0.0706,0.3054,0.3054
1,A1,G1,0.1771,FLU,250,Y,1,1,1,1,1,3.1299,2.1345,0.9954,0.4977,5.04,0.0706,0.9248,0.9248
1,A2,G1,0.2647,FLU,250,Y,1,1,1,1,1,3.357,2.1129,1.2441,0.62205,6.49,0.0706,1.1735,1.1735
1,A3,G1,0.1904,FLU,250,Y,1,1,1,1,1,3.2679,2.2546,1.0133,0.50665,5.06,0.0706,0.9427,0.9427
1,A4,G1,0.1401,FLU,250,Y,1,1,1,1,1,3.3423,2.1609,1.1814,0.5907,4.78,0.0706,1.1108,1.1108
1,A5,G1,0.1674,FLU,250,Y,1,1,1,1,1,3.3227,2.1666,1.1561,0.57805,5.08,0.0706,1.0855,1.0855
1,A6,G1,0.3056,FLU,250,Y,1,1,1,1,1,3.3384,2.3343,1.0041,0.50205,5.89,0.0706,0.9335,0.9335
1,A7,G1,0.1669,FLU,250,N,1,1,NA,NA,NA,3.4042,NA,#VALUE!,#VALUE!,NA,0.0706,#VALUE!,#VALUE!
1,A8,G1,0.2391,FLU,250,Y,1,1,1,1,1,3.3865,2.2253,1.1612,0.5806,5.22,0.0706,1.0906,1.0906
1,A9,G1,0.2523,FLU,250,Y,1,1,1,1,1,3.3536,2.4145,0.9391,0.46955,5.11,0.0706,0.8685,0.8685
1,A10,G1,0.2926,FLU,250,Y,1,1,1,1,1,3.3376,2.4748,0.8628,0.4314,5.78,0.0706,0.7922,0.7922
1,A11,G2,0.2015,FLU,250,Y,1,1,1,1,1,3.3579,2.1225,1.2354,0.6177,5.45,0.0706,1.1648,1.1648
1,A12,G2,0.2677,FLU,250,Y,1,1,1,1,1,3.3708,2.2082,1.1626,0.5813,5.68,0.0706,1.092,1.092
1,A13,G2,0.1684,FLU,250,Y,1,1,1,1,1,3.3518,2.124,1.2278,0.6139,5.36,0.0706,1.1572,1.1572
1,A14,G2,0.1897,FLU,250,Y,1,1,1,1,1,3.3724,2.7089,0.6635,0.33175,4.78,0.0706,0.5929,0.5929
1,A15,G2,0.2528,FLU,250,Y,1,1,1,1,1,3.3112,3.1252,0.186,0.093,5.2,0.0706,0.1154,0.1154
1,A16,G2,0.2566,FLU,250,Y,1,1,1,1,1,3.3699,2.2664,1.1035,0.55175,4.91,0.0706,1.0329,1.0329
1,A17,G2,0.1702,FLU,250,Y,1,1,1,1,1,3.3626,2.1242,1.2384,0.6192,4.57,0.0706,1.1678,1.1678
1,A18,G2,0.1527,FLU,250,Y,1,1,1,1,1,3.4357,2.8133,0.6224,0.3112,4.48,0.0706,0.5518,0.5518
1,A19,G2,0.191,FLU,250,Y,1,1,1,1,1,3.3658,2.1245,1.2413,0.62065,4.96,0.0706,1.1707,1.1707
1,A20,G2,0.491,FLU,250,Y,1,1,1,1,1,3.2983,2.3365,0.9618,0.4809,6.15,0.0706,0.8912,0.8912
1,B1,G1,0.1842,FLU,500,N,1,1,NA,NA,NA,3.3515,NA,#VALUE!,#VALUE!,NA,0.0706,#VALUE!,#VALUE!
1,B2,G1,0.1542,FLU,500,N,1,1,NA,NA,NA,3.3993,NA,#VALUE!,#VALUE!,NA,0.0706,#VALUE!,#VALUE!
1,B3,G1,0.2287,FLU,500,Y,1,1,1,1,1,3.3631,2.0964,1.2667,0.63335,5.62,0.0706,1.1961,1.1961
1,B4,G1,0.2017,FLU,500,N,1,1,NA,NA,NA,3.4075,NA,#VALUE!,#VALUE!,NA,0.0706,#VALUE!,#VALUE!
1,B5,G1,0.2388,FLU,500,Y,1,1,1,1,1,3.4163,2.8137,0.6026,0.3013,5.34,0.0706,0.532,0.532
1,B6,G1,0.2322,FLU,500,Y,1,1,1,1,1,3.378,2.0871,1.2909,0.64545,6.02,0.0706,1.2203,1.2203
1,B7,G1,0.2347,FLU,500,Y,1,1,1,1,1,3.4224,2.3653,1.0571,0.52855,5.54,0.0706,0.9865,0.9865
1,B8,G1,0.1535,FLU,500,N,1,0,0,0,0,3.4133,NA,#VALUE!,#VALUE!,NA,0.0706,#VALUE!,#VALUE!
1,B9,G1,0.189,FLU,500,Y,1,1,1,1,1,3.3964,2.1823,1.2141,0.60705,5.32,0.0706,1.1435,1.1435
1,B10,G1,0.2249,FLU,500,Y,1,1,1,1,1,3.0288,2.5001,0.5287,0.26435,5.1,0.0706,0.4581,0.4581
1,B11,G2,0.2408,FLU,500,Y,1,1,1,1,1,3.2046,2.1393,1.0653,0.53265,5.35,0.0706,0.9947,0.9947
1,B12,G2," 0.2432
",FLU,500,N,1,1,NA,NA,NA,2.974,NA,#VALUE!,#VALUE!,NA,0.0706,#VALUE!,#VALUE!
1,B13,G2,0.1643,FLU,500,Y,1,1,1,1,1,3.198,2.1311,1.0669,0.53345,4.94,0.0706,0.9963,0.9963
1,B14,G2,0.1309,FLU,500,Y,1,1,1,1,1,3.332,2.1273,1.2047,0.60235,4.89,0.0706,1.1341,1.1341
1,B15,G2,0.1984,FLU,500,Y,1,1,1,1,1,3.3252,2.1548,1.1704,0.5852,4.91,0.0706,1.0998,1.0998
1,B16,G2,0.1469,FLU,500,N,1,1,NA,NA,NA,3.3563,NA,#VALUE!,#VALUE!,NA,0.0706,#VALUE!,#VALUE!
1,B17,G2,0.1999,FLU,500,Y,1,1,1,1,1,3.1135,2.1646,0.9489,0.47445,5.37,0.0706,0.8783,0.8783
1,B18,G2,0.1979,FLU,500,Y,1,1,1,0,0,3.2934,3.152,0.2828,0.1414,5.01,0.0706,0.2122,0.2122
1,B19,G2,0.222,FLU,500,Y,1,1,1,1,1,3.2616,2.1648,1.0968,0.5484,5.49,0.0706,1.0262,1.0262
1,B20,G2,0.2423,FLU,500,Y,1,1,1,1,1,3.3538,2.394,0.9598,0.4799,6.23,0.0706,0.8892,0.8892
1,C1,G1,0.2221,FLU,2000,Y,1,1,1,1,1,3.2964,2.2554,1.041,0.5205,5.35,0.0706,0.9704,0.9704
1,C2,G1,0.1409,FLU,2000,N,1,1,NA,NA,NA,3.2851,NA,#VALUE!,#VALUE!,NA,0.0706,#VALUE!,#VALUE!
1,C3,G1,0.1747,FLU,2000,Y,1,1,1,1,1,3.2531,2.1973,1.0558,0.5279,4.94,0.0706,0.9852,0.9852
1,C4,G1,0.3264,FLU,2000,Y,1,1,1,1,1,3.3376,2.1518,1.1858,0.5929,5.86,0.0706,1.1152,1.1152
1,C5,G1,0.2867,FLU,2000,Y,1,1,1,1,1,3.2512,2.5044,0.7468,0.3734,5.87,0.0706,0.6762,0.6762
1,C6,G1,0.2012,FLU,2000,Y,1,1,1,1,1,3.3111,2.4172,0.8939,0.44695,4.98,0.0706,0.8233,0.8233
1,C7,G1,0.2629,FLU,2000,Y,1,1,1,1,1,3.3499,2.3985,0.9514,0.4757,5.54,0.0706,0.8808,0.8808
1,C8,G1,0.205,FLU,2000,Y,1,1,1,1,1,3.1826,2.4598,0.7228,0.3614,5.16,0.0706,0.6522,0.6522
1,C9,G1,0.1573,FLU,2000,Y,1,1,1,1,1,3.2751,2.1567,1.1184,0.5592,5.84,0.0706,1.0478,1.0478
1,C10,G1,0.2016,FLU,2000,N,1,1,NA,NA,NA,3.3774,NA,#VALUE!,#VALUE!,NA,0.0706,#VALUE!,#VALUE!
1,C11,G2,0.2626,FLU,2000,Y,1,1,1,1,1,3.2703,2.4719,0.7984,0.3992,6.04,0.0706,0.7278,0.7278
1,C12,G2,0.2212,FLU,2000,Y,1,1,0,0,0,3.2725,3.0783,0.3884,0.1942,5.66,0.0706,0.3178,0.3178
1,C13,G2,0.1204,FLU,2000,N,1,1,NA,NA,NA,3.3298,NA,#VALUE!,#VALUE!,NA,0.0706,#VALUE!,#VALUE!
1,C14,G2,0.1963,FLU,2000,N,1,1,NA,NA,NA,3.3415,NA,#VALUE!,#VALUE!,NA,0.0706,#VALUE!,#VALUE!
1,C15,G2,0.1344,FLU,2000,N,1,1,NA,NA,NA,3.0748,NA,#VALUE!,#VALUE!,NA,0.0706,#VALUE!,#VALUE!
1,C16,G2,0.1782,FLU,2000,N,1,1,1,1,1,3.3779,2.132,1.2459,0.62295,5.33,0.0706,1.1753,1.1753
1,C17,G2,0.1572,FLU,2000,N,1,1,NA,NA,NA,3.273,NA,#VALUE!,#VALUE!,NA,0.0706,#VALUE!,#VALUE!
1,C18,G2,0.1525,FLU,2000,N,1,1,NA,NA,NA,3.2668,NA,#VALUE!,#VALUE!,NA,0.0706,#VALUE!,#VALUE!
1,C19,G2,0.5777,FLU,2000,Y,1,1,1,1,1,3.3428,2.7071,0.6357,0.31785,6.36,0.0706,0.5651,0.5651
1,C20,G2,0.2486,FLU,2000,Y,1,1,1,1,1,3.386,2.5727,0.8133,0.40665,5.34,0.0706,0.7427,0.7427
1,D1,G1,0.2196,FLU,1000,Y,1,1,1,1,1,3.3708,2.1428,1.228,0.614,5.64,0.0706,1.1574,1.1574
1,D2,G1,0.1743,FLU,1000,N,1,0,0,0,0,3.345,NA,6.69,NA,NA,0.0706,NA,NA
1,D3,G1,0.169,FLU,1000,Y,1,1,1,1,1,3.336,2.7529,0.5831,0.29155,4.97,0.0706,0.5125,0.5125
1,D5,G1,0.1931,FLU,1000,Y,1,1,1,1,1,3.3582,2.6093,0.7489,0.37445,4.86,0.0706,0.6783,0.6783
1,D6,G1,0.3048,FLU,1000,Y,1,1,1,0,0,3.3383,2.1541,2.3684,1.1842,5.92,0.0706,2.2978,2.2978
1,D7,G1,0.2763,FLU,1000,Y,1,1,1,1,1,3.3001,2.1258,1.1743,0.58715,5.77,0.0706,1.1037,1.1037
1,D8,G1,0.2057,FLU,1000,Y,1,1,1,1,1,3.3216,2.1305,1.1911,0.59555,5.12,0.0706,1.1205,1.1205
1,D9,G1,0.182,FLU,1000,Y,1,1,1,1,1,3.1458,2.1247,1.0211,0.51055,5.62,0.0706,0.9505,0.9505
1,D10,G1,0.1913,FLU,1000,Y,1,1,1,1,1,3.3159,2.1829,1.133,0.5665,5.2,0.0706,1.0624,1.0624
1,D11,G2,0.1728,FLU,1000,Y,1,1,1,1,1,3.2968,2.1278,1.169,0.5845,5.34,0.0706,1.0984,1.0984
1,D12,G2,0.2132,FLU,1000,Y,1,1,1,1,1,3.342,3.0198,0.3222,0.1611,4.73,0.0706,0.2516,0.2516
1,D13,G2,0.1855,FLU,1000,N,1,1,NA,NA,NA,3.4194,NA,#VALUE!,#VALUE!,NA,0.0706,#VALUE!,#VALUE!
1,D14,G2,0.3952,FLU,1000,Y,1,1,1,1,1,3.4195,2.8516,0.5679,0.28395,6.6,0.0706,0.4973,0.4973
1,D15,G2,0.1556,FLU,1000,N,1,1,NA,NA,NA,3.3585,NA,#VALUE!,#VALUE!,NA,0.0706,#VALUE!,#VALUE!
1,D16,G2,0.2058,FLU,1000,N,1,1,NA,NA,NA,3.3399,NA,#VALUE!,#VALUE!,NA,0.0706,#VALUE!,#VALUE!
1,D17,G2,0.2204,FLU,1000,Y,1,1,1,1,1,3.3022,2.5724,0.7298,0.3649,5.46,0.0706,0.6592,0.6592
1,D18,G2,0.1875,FLU,1000,N,1,1,NA,NA,NA,3.352,NA,#VALUE!,#VALUE!,NA,0.0706,#VALUE!,#VALUE!
1,D19,G2,0.2218,FLU,1000,Y,1,1,1,1,1,3.376,2.6314,0.7446,0.3723,4.62,0.0706,0.674,0.674
1,D20,G2,0.0706,FLU,1000,N,1,1,NA,NA,NA,3.3085,NA,#VALUE!,#VALUE!,NA,0.0706,#VALUE!,#VALUE!
1,E1,NA,0.2407,FLU,4000,N,1,1,,,,3.3881,NA,6.7762,3.3881,NA,0.0706,NA,NA
1,E2,G1,0.1731,FLU,4000,Y,1,1,1,1,1,3.2525,2.2151,1.0374,0.5187,5.33,0.0706,0.9668,0.9668
1,E3,G1,0.2083,FLU,4000,Y,1,1,1,1,1,3.1402,2.2056,0.9346,0.4673,6.02,0.0706,0.864,0.864
1,E4,G1,0.1853,FLU,4000,N,1,0,0,0,0,3.37,NA,#VALUE!,#VALUE!,NA,0.0706,#VALUE!,#VALUE!
1,E5,G1,0.1692,FLU,4000,N,1,1,NA,NA,NA,3.2723,NA,#VALUE!,#VALUE!,NA,0.0706,#VALUE!,#VALUE!
1,E6,G1,0.2349,FLU,4000,Y,1,1,1,1,1,3.2821,2.1442,1.1379,0.56895,5.84,0.0706,1.0673,1.0673
1,E7,G1,0.207,FLU,4000,Y,1,1,1,1,1,3.3911,3.0145,0.3766,0.1883,5.64,0.0706,0.306,0.306
1,E8,G1,0.2558,FLU,4000,Y,1,1,1,1,1,3.3787,2.1554,1.2233,0.61165,5.4,0.0706,1.1527,1.1527
1,E9,G1,0.222,FLU,4000,Y,1,1,1,1,1,3.3787,2.1291,1.2496,0.6248,4.93,0.0706,1.179,1.179
1,E10,G1,0.1842,FLU,4000,Y,1,1,1,1,1,3.1997,2.1218,1.0779,0.53895,5.29,0.0706,1.0073,1.0073
1,E11,G2,0.1857,FLU,4000,Y,1,1,1,1,1,3.3492,2.1411,1.2081,0.60405,4.48,0.0706,1.1375,1.1375
1,E12,G2,0.1648,FLU,4000,Y,1,1,1,1,1,3.3776,2.1969,1.1807,0.59035,5.23,0.0706,1.1101,1.1101
1,E13,G2,0.0839,FLU,4000,N,1,1,NA,NA,NA,3.3589,NA,#VALUE!,#VALUE!,NA,0.0706,#VALUE!,#VALUE!
1,E14,G2,0.2415,FLU,4000,Y,1,1,1,1,1,3.3068,2.1309,1.1759,0.58795,5.66,0.0706,1.1053,1.1053
1,E15,G2,0.1983,FLU,4000,N,1,1,NA,NA,NA,3.2682,NA,#VALUE!,#VALUE!,NA,0.0706,#VALUE!,#VALUE!
1,E16,G2,0.238,FLU,4000,N,1,1,NA,NA,NA,3.3202,NA,#VALUE!,#VALUE!,NA,0.0706,#VALUE!,#VALUE!
1,E17,G2,0.1448,FLU,4000,N,1,1,NA,NA,NA,3.3297,NA,#VALUE!,#VALUE!,NA,0.0706,#VALUE!,#VALUE!
1,E18,G2,0.1623,FLU,4000,N,1,1,NA,NA,NA,3.337,NA,#VALUE!,#VALUE!,NA,0.0706,#VALUE!,#VALUE!
1,E19,G2,0.157,FLU,4000,N,1,1,NA,NA,NA,3.4005,NA,#VALUE!,#VALUE!,NA,0.0706,#VALUE!,#VALUE!
1,E20,G2,0.3134,FLU,4000,Y,1,1,1,1,1,3.3229,2.2651,1.0578,0.5289,5.74,0.0706,0.9872,0.9872
2,X1,G1,0.5319,FLU,0,Y,1,1,1,1,1,3.3943,2.6156,0.7787,0.38935,6.57,0.04746,0.73124,0.73124
2,X2,G1,NA,FLU,0,N,1,1,NA,NA,NA,NA,NA,#VALUE!,#VALUE!,NA,0.04746,#VALUE!,#VALUE!
2,X3,G1,0.1814,FLU,0,Y,1,1,1,1,1,3.3158,2.1846,1.1312,0.5656,5.39,0.04746,1.08374,1.08374
2,X4,G1,NA,FLU,0,Y,1,1,1,1,1,3.3508,2.1237,1.2271,0.61355,4.75,0.04746,1.17964,1.17964
2,X5,G1,0.1995,FLU,0,Y,1,1,1,1,1,3.3847,2.1868,1.1979,0.59895,5.45,0.04746,1.15044,1.15044
2,X6,G1,0.6716,FLU,0,Y,1,1,1,1,1,3.423,2.1446,1.2784,0.6392,7.96,0.04746,1.23094,1.23094
2,X8,G1,0.2441,FLU,0,Y,1,1,1,1,1,3.4182,2.8637,0.5545,0.27725,4.92,0.04746,0.50704,0.50704
2,X9,G1,0.1489,FLU,0,N,1,1,NA,NA,NA,NA,NA,#VALUE!,#VALUE!,NA,0.04746,#VALUE!,#VALUE!
2,X10,G1,0.207,FLU,0,Y,1,1,1,1,1,3.317,2.729,0.588,0.294,5.08,0.04746,0.54054,0.54054
2,X11,G2,0.1753,FLU,0,Y,1,1,1,1,1,3.3366,2.2338,1.1028,0.5514,4.04,0.04746,1.05534,1.05534
2,X12,G2,0.1663,FLU,0,Y,1,1,1,1,1,3.41,2.4442,0.9658,0.4829,4.72,0.04746,0.91834,0.91834
2,X13,G2,0.2004,FLU,0,Y,1,1,1,1,1,3.3101,2.4864,0.8237,0.41185,4.77,0.04746,0.77624,0.77624
2,X14,G2,0.2474,FLU,0,Y,1,1,1,1,1,3.373,2.264,1.109,0.5545,4.78,0.04746,1.06154,1.06154
2,X15,G2,0.289,FLU,0,Y,1,1,1,1,1,3.3356,2.1492,1.1864,0.5932,5.4,0.04746,1.13894,1.13894
2,X16,G2,0.248,FLU,0,Y,1,1,1,1,1,3.3243,2.1669,1.1574,0.5787,5.33,0.04746,1.10994,1.10994
2,X17,G2,0.1788,FLU,0,Y,1,1,1,1,1,3.3916,2.1158,1.2758,0.6379,5.08,0.04746,1.22834,1.22834
2,X18,G2,0.168,FLU,0,Y,1,1,1,1,1,3.3073,2.9767,0.3306,0.1653,4.92,0.04746,0.28314,0.28314
2,X19,G2,0.3429,FLU,0,Y,1,1,1,1,1,3.3267,2.1165,1.2102,0.6051,6.39,0.04746,1.16274,1.16274
2,X20,G2,0.1968,FLU,0,Y,1,1,1,1,1,3.3985,2.7884,0.6101,0.30505,4.76,0.04746,0.56264,0.56264
2,A1,G1,0.1957,FLU,8000,Y,1,1,1,1,1,3.3599,2.1531,1.2068,0.6034,5.45,0.04746,1.15934,1.15934
2,A2,G1,0.1471,FLU,8000,Y,1,1,0,0,0,3.3659,3.3383,0.0552,0.0276,4.89,0.04746,0.00774,0.00774
2,A3,G1,0.1101,FLU,8000,Y,1,1,1,1,1,3.4099,2.1479,1.262,0.631,3.65,0.04746,1.21454,1.21454
2,A4,G1,0.1788,FLU,8000,Y,1,1,1,1,1,3.3793,2.3945,0.9848,0.4924,4.02,0.04746,0.93734,0.93734
2,A5,G1,0.2659,FLU,8000,Y,1,1,1,1,1,3.3032,2.3276,0.9756,0.4878,5.54,0.04746,0.92814,0.92814
2,A6,G1,0.2235,FLU,8000,N,1,1,NA,NA,NA,NA,NA,#VALUE!,#VALUE!,NA,0.04746,#VALUE!,#VALUE!
2,A7,G1,0.1477,FLU,8000,Y,1,1,1,1,1,3.3931,2.1283,1.2648,0.6324,4.18,0.04746,1.21734,1.21734
2,A8,G1,0.2049,FLU,8000,N,1,1,NA,NA,NA,NA,NA,#VALUE!,#VALUE!,NA,0.04746,#VALUE!,#VALUE!
2,A9,G1,0.2216,FLU,8000,Y,1,1,1,1,1,3.3718,2.2195,1.1523,0.57615,5.57,0.04746,1.10484,1.10484
2,A10,G1,0.226,FLU,8000,Y,1,1,1,1,1,3.4065,2.1578,1.2487,0.62435,4.95,0.04746,1.20124,1.20124
2,A11,G2,0.2467,FLU,8000,Y,1,1,1,1,1,3.4102,2.2507,1.1595,0.57975,4.96,0.04746,1.11204,1.11204
2,A12,G2,0.251,FLU,8000,N,1,1,NA,NA,NA,NA,NA,#VALUE!,#VALUE!,NA,0.04746,#VALUE!,#VALUE!
2,A13,G2,0.2236,FLU,8000,N,1,1,NA,NA,NA,NA,NA,#VALUE!,#VALUE!,NA,0.04746,#VALUE!,#VALUE!
2,A14,G2,0.2205,FLU,8000,N,1,1,NA,NA,NA,NA,NA,#VALUE!,#VALUE!,NA,0.04746,#VALUE!,#VALUE!
2,A15,G2,0.2411,FLU,8000,Y,1,1,1,1,1,3.3304,2.1845,1.1459,0.57295,4.72,0.04746,1.09844,1.09844
2,A16,G2,0.2649,FLU,8000,Y,1,1,1,0,0,3.3263,2.9211,0.8104,0.4052,5.48,0.04746,0.76294,0.76294
2,A17,G2,0.1228,FLU,8000,Y,1,1,1,1,1,3.303,2.5494,0.7536,0.3768,4.05,0.04746,0.70614,0.70614
2,A18,G2,0.167,FLU,8000,Y,1,1,1,1,1,3.3348,2.4619,0.8729,0.43645,4.02,0.04746,0.82544,0.82544
2,A19,G2,0.1749,FLU,8000,N,1,0,NA,NA,NA,NA,NA,#VALUE!,#VALUE!,NA,0.04746,#VALUE!,#VALUE!
2,A20,G2,0.1898,FLU,8000,Y,1,1,1,1,1,3.3357,2.62,0.7157,0.35785,4.9,0.04746,0.66824,0.66824
2,B1,G1,0.3496,FLU,4000,Y,1,1,1,1,1,3.3812,2.4613,0.9199,0.45995,5.35,0.04746,0.87244,0.87244
2,B2,G1,0.2004,FLU,4000,N,1,1,NA,NA,NA,NA,NA,#VALUE!,#VALUE!,NA,0.04746,#VALUE!,#VALUE!
2,B3,G1,0.1858,FLU,4000,Y,1,1,1,1,1,3.3907,2.1183,1.2724,0.6362,5.13,0.04746,1.22494,1.22494
2,B4,G1,0.2011,FLU,4000,Y,1,1,1,1,1,3.3993,3.2101,0.1892,0.0946,5.1,0.04746,0.14174,0.14174
2,B5,G1,0.226,FLU,4000,Y,1,1,1,1,1,3.3652,2.1362,1.229,0.6145,4.91,0.04746,1.18154,1.18154
2,B6,G1,0.235,FLU,4000,Y,1,1,1,1,1,3.3741,2.1788,1.1953,0.59765,4.75,0.04746,1.14784,1.14784
2,B7,G1,0.2835,FLU,4000,Y,1,1,1,1,1,3.3471,2.2298,1.1173,0.55865,5.25,0.04746,1.06984,1.06984
2,B8,G1,0.1488,FLU,4000,N,1,1,NA,NA,NA,NA,NA,#VALUE!,#VALUE!,NA,0.04746,#VALUE!,#VALUE!
2,B9,G1,0.2562,FLU,4000,Y,1,1,1,1,1,3.4126,2.1547,1.2579,0.62895,5.18,0.04746,1.21044,1.21044
2,B10,G1,0.1825,FLU,4000,Y,1,1,1,1,1,3.3412,2.1373,1.2039,0.60195,4.96,0.04746,1.15644,1.15644
2,B11,G1,0.1948,FLU,4000,N,1,1,NA,NA,NA,NA,NA,#VALUE!,#VALUE!,NA,0.04746,#VALUE!,#VALUE!
2,B12,G1,0.2343,FLU,4000,Y,1,1,1,1,1,3.4106,2.1857,1.2249,0.61245,5.46,0.04746,1.17744,1.17744
2,B13,G1,NA,FLU,4000,NA,NA,NA,NA,NA,NA,NA,NA,#VALUE!,#VALUE!,NA,0.04746,#VALUE!,#VALUE!
2,B14,G1,0.2092,FLU,4000,N,1,1,NA,NA,NA,NA,NA,#VALUE!,#VALUE!,NA,0.04746,#VALUE!,#VALUE!
2,B15,G1,0.2448,FLU,4000,Y,1,1,1,1,1,3.3473,2.1851,1.1622,0.5811,4.45,0.04746,1.11474,1.11474
2,B16,G1,0.1899,FLU,4000,N,1,1,NA,NA,NA,NA,NA,#VALUE!,#VALUE!,NA,0.04746,#VALUE!,#VALUE!
2,B17,G1,0.7181,FLU,4000,Y,1,1,1,1,1,3.4012,2.3014,1.0998,0.5499,7.43,0.04746,1.05234,1.05234
2,B18,G2,0.1466,FLU,4000,Y,1,1,1,1,1,3.3176,2.4911,0.8265,0.41325,3.86,0.04746,0.77904,0.77904
2,B19,G2,0.6156,FLU,4000,Y,1,1,0,0,0,3.3751,2.134,2.4822,1.2411,5.51,0.04746,2.43474,2.43474
2,B20,G1,0.2021,FLU,4000,N,1,1,NA,NA,NA,NA,NA,#VALUE!,#VALUE!,NA,0.04746,#VALUE!,#VALUE!
2,C1,G1,0.2661,FLU,2000,Y,1,1,1,1,1,3.3438,2.3369,1.0069,0.50345,5.58,0.04746,0.95944,0.95944
2,C2,G1,0.1197,FLU,2000,Y,1,1,1,1,1,3.3825,2.955,0.4275,0.21375,3.11,0.04746,0.38004,0.38004
2,C3,G1,0.2484,FLU,2000,Y,1,1,1,1,1,3.4148,2.1419,1.2729,0.63645,6.04,0.04746,1.22544,1.22544
2,C4,G1,0.1989,FLU,2000,Y,1,1,1,1,1,3.2064,2.191,1.0154,0.5077,4.42,0.04746,0.96794,0.96794
2,C5,G1,0.1345,FLU,2000,Y,1,1,1,1,1,3.386,2.6261,0.7599,0.37995,4.19,0.04746,0.71244,0.71244
2,C6,G1,0.2232,FLU,2000,Y,1,1,1,1,1,3.1627,2.2415,0.9212,0.4606,4.97,0.04746,0.87374,0.87374
2,C7,G1,0.2483,FLU,2000,Y,1,1,1,1,1,3.3727,2.2095,1.1632,0.5816,5.45,0.04746,1.11574,1.11574
2,C8,G1,0.173,FLU,2000,Y,1,1,1,1,1,3.1112,2.2144,0.8968,0.4484,4.6,0.04746,0.84934,0.84934
2,C9,G1,0.194,FLU,2000,Y,1,1,1,0,0,3.1997,2.099,2.2014,1.1007,5.24,0.04746,2.15394,2.15394
2,C10,G1,0.1846,FLU,2000,Y,1,1,1,1,1,3.4202,3.2105,0.2097,0.10485,4.81,0.04746,0.16224,0.16224
2,C11,G1,0.2222,FLU,2000,Y,1,1,1,1,1,3.3862,2.1111,1.2751,0.63755,5.35,0.04746,1.22764,1.22764
2,C12,G1,0.1905,FLU,2000,Y,1,1,1,1,1,3.3996,2.1246,1.275,0.6375,4.57,0.04746,1.22754,1.22754
2,C13,G1,0.1929,FLU,2000,Y,1,1,1,1,1,3.4002,2.1405,1.2597,0.62985,5.03,0.04746,1.21224,1.21224
2,C14,G1,0.1863,FLU,2000,Y,1,1,1,1,1,3.3823,2.8554,0.5269,0.26345,4.72,0.04746,0.47944,0.47944
2,C15,G1,0.1732,FLU,2000,Y,1,1,1,1,1,3.3607,2.122,1.2387,0.61935,4.32,0.04746,1.19124,1.19124
2,C16,G1,0.1142,FLU,2000,Y,1,1,1,1,1,2.9958,2.9199,0.0759,0.03795,3.96,0.04746,0.02844,0.02844
2,C17,G1,0.1237,FLU,2000,N,1,1,NA,NA,NA,NA,NA,#VALUE!,#VALUE!,NA,0.04746,#VALUE!,#VALUE!
2,C18,G1,0.1743,FLU,2000,Y,1,1,1,1,1,3.3407,2.1261,1.2146,0.6073,4.53,0.04746,1.16714,1.16714
2,C19,G1,0.1697,FLU,2000,Y,1,1,1,1,1,3.3924,2.1188,1.2736,0.6368,4.97,0.04746,1.22614,1.22614
2,C20,G1,0.147,FLU,2000,Y,1,1,1,1,1,3.3266,2.3515,0.9751,0.48755,3.99,0.04746,0.92764,0.92764
2,D1,G1,0.2437,FLU,32000,N,1,0,NA,NA,NA,NA,NA,#VALUE!,#VALUE!,NA,0.04746,#VALUE!,#VALUE!
2,D2,G1,0.1967,FLU,32000,Y,1,0,0,0,0,3.3512,NA,NA,NA,4.45,0.04746,NA,NA
2,D3,G1,0.1913,FLU,32000,Y,1,1,0,0,0,3.3796,3.2747,0.2098,0.1049,4.63,0.04746,0.16234,0.16234
2,D4,G1,0.3086,FLU,32000,Y,1,0,0,0,0,3.3595,NA,#VALUE!,#VALUE!,5.49,0.04746,#VALUE!,#VALUE!
2,D5,G1,0.2252,FLU,32000,Y,1,1,1,1,1,3.3921,2.6276,0.7645,0.38225,4.8,0.04746,0.71704,0.71704
2,D6,G1,0.2172,FLU,32000,Y,1,1,1,1,1,3.404,3.2414,0.1626,0.0813,4.55,0.04746,0.11514,0.11514
2,D7,G1,0.4477,FLU,32000,Y,1,1,1,1,1,3.3844,2.6867,0.6977,0.34885,6.65,0.04746,0.65024,0.65024
2,D8,G1,0.2659,FLU,32000,Y,1,0,0,0,0,3.3695,NA,#VALUE!,#VALUE!,5.68,0.04746,#VALUE!,#VALUE!
2,D9,G1,0.2262,FLU,32000,N,1,1,NA,NA,NA,NA,NA,#VALUE!,#VALUE!,NA,0.04746,#VALUE!,#VALUE!
2,D10,G1,0.227,FLU,32000,Y,1,0,0,0,0,3.3658,NA,#VALUE!,#VALUE!,5.57,0.04746,#VALUE!,#VALUE!
2,D11,G2,0.1965,FLU,32000,Y,1,0,0,0,0,3.3737,NA,#VALUE!,#VALUE!,4.93,0.04746,#VALUE!,#VALUE!
2,D12,G2,0.2542,FLU,32000,Y,1,0,0,0,0,3.3337,NA,#VALUE!,#VALUE!,5.3,0.04746,#VALUE!,#VALUE!
2,D13,G2,0.2022,FLU,32000,N,1,1,NA,NA,NA,NA,NA,#VALUE!,#VALUE!,NA,0.04746,#VALUE!,#VALUE!
2,D14,G2,0.1914,FLU,32000,N,1,0,NA,NA,NA,NA,NA,#VALUE!,#VALUE!,NA,0.04746,#VALUE!,#VALUE!
2,D15,G2,0.1457,FLU,32000,Y,1,1,1,1,1,3.3423,2.6927,0.6496,0.3248,3.3,0.04746,0.60214,0.60214
2,D16,G2,0.2138,FLU,32000,Y,1,0,0,0,0,3.3623,NA,#VALUE!,#VALUE!,4.35,0.04746,#VALUE!,#VALUE!
2,D17,G2,0.1505,FLU,32000,Y,1,1,0,0,0,3.3929,3.342,0.1018,0.0509,4.73,0.04746,0.05434,0.05434
2,D18,G2,0.2068,FLU,32000,Y,1,1,0,0,0,3.3304,3.3099,0.041,0.0205,4.89,0.04746,-0.00646,0
2,D19,G2,0.1479,FLU,32000,N,1,1,NA,NA,NA,NA,NA,#VALUE!,#VALUE!,NA,0.04746,#VALUE!,#VALUE!
2,D20,G2,0.1514,FLU,32000,Y,1,1,1,1,1,3.348,3.1703,0.1777,0.08885,3.87,0.04746,0.13024,0.13024
2,E1,NA,0.2666,FLU,16000,Y,1,1,1,1,1,3.3154,2.2091,1.1063,0.55315,5.26,0.04746,1.05884,1.05884
2,E2,G1,0.3347,FLU,16000,Y,1,1,1,1,1,3.3426,2.5142,0.8284,0.4142,5.31,0.04746,0.78094,0.78094
2,E3,G1,0.1856,FLU,16000,Y,1,0,0,0,0,NA,NA,#VALUE!,#VALUE!,NA,0.04746,#VALUE!,#VALUE!
2,E4,G1,0.1587,FLU,16000,N,1,1,NA,NA,NA,NA,NA,#VALUE!,#VALUE!,NA,0.04746,#VALUE!,#VALUE!
2,E5,G1,0.2364,FLU,16000,Y,1,0,0,0,0,NA,NA,#VALUE!,#VALUE!,NA,0.04746,#VALUE!,#VALUE!
2,E6,G1,0.133,FLU,16000,Y,1,0,0,0,0,NA,NA,#VALUE!,#VALUE!,NA,0.04746,#VALUE!,#VALUE!
2,E7,G1,0.1812,FLU,16000,Y,1,0,0,0,0,NA,NA,#VALUE!,#VALUE!,NA,0.04746,#VALUE!,#VALUE!
2,E8,G1,0.107,FLU,16000,N,1,0,NA,NA,NA,NA,NA,#VALUE!,#VALUE!,NA,0.04746,#VALUE!,#VALUE!
2,E9,G1,0.2115,FLU,16000,Y,1,1,0,0,0,3.375,3.3525,0.045,0.0225,5.27,0.04746,-0.00246,0
2,E10,G1,0.2017,FLU,16000,Y,1,1,0,0,0,3.3894,3.3368,0.1052,0.0526,5.08,0.04746,0.05774,0.05774
2,E11,G1,0.2409,FLU,16000,Y,1,1,1,1,1,3.3859,2.8258,0.5601,0.28005,5.24,0.04746,0.51264,0.51264
2,E12,G1,0.1612,FLU,16000,N,1,1,NA,NA,NA,NA,NA,#VALUE!,#VALUE!,NA,0.04746,#VALUE!,#VALUE!
2,E13,G1,0.2104,FLU,16000,Y,1,0,0,0,0,3.4089,NA,#VALUE!,#VALUE!,5.37,0.04746,#VALUE!,#VALUE!
2,E14,G1,0.2115,FLU,16000,Y,1,1,0,0,0,3.372,3.3368,0.0704,0.0352,4.99,0.04746,0.02294,0.02294
2,E15,G1,0.215,FLU,16000,Y,1,0,0,0,0,3.3514,NA,#VALUE!,#VALUE!,4.92,0.04746,#VALUE!,#VALUE!
2,E16,G1,0.1386,FLU,16000,Y,1,1,0,0,0,3.3835,3.3516,0.0638,0.0319,4.73,0.04746,0.01634,0.01634
2,E17,G1,0.184,FLU,16000,Y,1,1,0,0,0,3.1784,3.0913,0.1742,0.0871,4.99,0.04746,0.12674,0.12674
2,E18,G1,0.1214,FLU,16000,Y,1,1,0,0,0,3.3712,3.3422,0.058,0.029,3.66,0.04746,0.01054,0.01054
2,E19,G1,0.2043,FLU,16000,Y,1,1,1,1,1,3.4009,2.5428,0.8581,0.42905,4.73,0.04746,0.81064,0.81064
2,E20,G1,0.1919,FLU,16000,Y,1,0,0,0,0,3.3778,NA,#VALUE!,#VALUE!,5.53,0.04746,#VALUE!,#VALUE!
2,X1,G1,0.2055,TMX,0,Y,1,1,1,1,1,3.3605,2.5416,0.8189,0.40945,4.77,0.04585,0.77305,0.77305
2,X2,G1,0.2159,TMX,0,Y,1,1,1,1,1,3.2704,2.302,0.9684,0.4842,4.64,0.04585,0.92255,0.92255
2,X3,G1,0.2305,TMX,0,N,1,1,NA,NA,NA,NA,NA,#VALUE!,#VALUE!,5.41,0.04585,#VALUE!,#VALUE!
2,X4,G1,0.2247,TMX,0,Y,1,1,1,1,1,3.3469,2.2867,1.0602,0.5301,5.36,0.04585,1.01435,1.01435
2,X5,G1,0.2229,TMX,0,Y,1,1,1,1,1,3.4038,2.8772,0.5266,0.2633,4.07,0.04585,0.48075,0.48075
2,X6,G1,0.1889,TMX,0,Y,1,1,1,1,1,3.3721,2.4881,0.884,0.442,4.39,0.04585,0.83815,0.83815
2,X7,G1,0.2015,TMX,0,Y,1,1,1,1,1,3.2987,2.3549,0.9438,0.4719,4.92,0.04585,0.89795,0.89795
2,X8,G1,0.2374,TMX,0,N,1,1,NA,NA,NA,NA,NA,#VALUE!,#VALUE!,5.13,0.04585,#VALUE!,#VALUE!
2,X9,G1,0.1558,TMX,0,Y,1,1,1,1,1,3.375,2.5197,0.8553,0.42765,3.94,0.04585,0.80945,0.80945
2,X10,G1,0.201,TMX,0,Y,1,1,1,1,1,3.355,2.4262,0.9288,0.4644,5.15,0.04585,0.88295,0.88295
2,X11,G2,0.1803,TMX,0,N,1,1,NA,NA,NA,NA,NA,#VALUE!,#VALUE!,4.72,0.04585,#VALUE!,#VALUE!
2,X12,G2,0.2416,TMX,0,Y,1,1,1,1,1,3.407,2.7889,0.6181,0.30905,5.54,0.04585,0.57225,0.57225
2,X13,G2,0.2766,TMX,0,Y,1,1,1,1,1,3.3743,2.8047,0.5696,0.2848,5.7,0.04585,0.52375,0.52375
2,X14,G2,0.1664,TMX,0,Y,1,1,1,1,1,3.3533,3.1476,0.2057,0.10285,5.03,0.04585,0.15985,0.15985
2,X15,G2,0.281,TMX,0,Y,1,1,1,1,1,3.4088,2.3499,1.0589,0.52945,5.23,0.04585,1.01305,1.01305
2,X16,G2,0.1693,TMX,0,N,1,1,NA,NA,NA,NA,NA,#VALUE!,#VALUE!,4.83,0.04585,#VALUE!,#VALUE!
2,X17,G2,0.1911,TMX,0,Y,1,1,1,1,1,3.3618,2.9027,0.4591,0.22955,5.35,0.04585,0.41325,0.41325
2,X18,G2,0.1981,TMX,0,N,1,1,NA,NA,NA,NA,NA,#VALUE!,#VALUE!,5.41,0.04585,#VALUE!,#VALUE!
2,X19,G2,0.1906,TMX,0,Y,1,1,1,1,1,3.3722,3.045,0.3272,0.1636,4.93,0.04585,0.28135,0.28135
2,X20,G2,0.2483,TMX,0,Y,1,1,1,1,1,3.3331,2.148,1.1851,0.59255,5.41,0.04585,1.13925,1.13925
2,A1,G1,0.2218,TMX,2.5,N,1,1,NA,NA,NA,NA,NA,#VALUE!,#VALUE!,5.55,0.04585,#VALUE!,#VALUE!
2,A2,G1,0.1472,TMX,2.5,Y,1,1,1,1,1,3.2699,3.0099,0.26,0.13,5.17,0.04585,0.21415,0.21415
2,A3,G1,0.1895,TMX,2.5,Y,1,1,1,1,1,3.2829,2.2411,1.0418,0.5209,4.9,0.04585,0.99595,0.99595
2,A4,G1,0.1778,TMX,2.5,Y,1,1,1,1,1,3.3609,2.1531,1.2078,0.6039,4.7,0.04585,1.16195,1.16195
2,A5,G1,0.1845,TMX,2.5,Y,1,1,1,1,1,3.3868,2.6038,0.783,0.3915,5.03,0.04585,0.73715,0.73715
2,A6,G1,0.1761,TMX,2.5,Y,1,1,1,1,1,3.0877,2.232,0.8557,0.42785,4.87,0.04585,0.80985,0.80985
2,A7,G1,0.2973,TMX,2.5,Y,1,1,1,1,1,3.3904,2.213,1.1774,0.5887,5.89,0.04585,1.13155,1.13155
2,A8,G1,0.2275,TMX,2.5,N,1,1,NA,NA,NA,NA,NA,#VALUE!,#VALUE!,5.19,0.04585,#VALUE!,#VALUE!
2,A9,G1,0.1583,TMX,2.5,Y,1,1,1,1,1,3.3609,2.519,0.8419,0.42095,4.19,0.04585,0.79605,0.79605
2,A10,G1,0.2229,TMX,2.5,N,1,1,NA,NA,NA,NA,NA,#VALUE!,#VALUE!,4.3,0.04585,#VALUE!,#VALUE!
2,A11,G2,0.2548,TMX,2.5,N,1,1,NA,NA,NA,NA,NA,#VALUE!,#VALUE!,4.99,0.04585,#VALUE!,#VALUE!
2,A12,G2,0.1415,TMX,2.5,Y,1,1,0,0,0,3.3396,3.2935,0.0922,0.0461,4.18,0.04585,0.04635,0.04635
2,A13,G2,0.2715,TMX,2.5,Y,1,1,1,1,1,3.3348,2.3385,0.9963,0.49815,5.83,0.04585,0.95045,0.95045
2,A14,G2,0.2161,TMX,2.5,Y,1,1,1,1,1,3.1563,2.6519,0.5044,0.2522,5.43,0.04585,0.45855,0.45855
2,A15,G2,0.1859,TMX,2.5,N,1,1,NA,NA,NA,NA,NA,#VALUE!,#VALUE!,4.39,0.04585,#VALUE!,#VALUE!
2,A16,G2,0.2251,TMX,2.5,Y,1,1,1,1,1,3.3983,2.2997,1.0986,0.5493,4.86,0.04585,1.05275,1.05275
2,A17,G2,0.2373,TMX,2.5,Y,1,1,1,1,1,3.38,2.3819,0.9981,0.49905,5.56,0.04585,0.95225,0.95225
2,A18,G2,0.148,TMX,2.5,Y,1,1,1,1,1,3.3772,2.985,0.3922,0.1961,4.97,0.04585,0.34635,0.34635
2,A19,G2,0.2746,TMX,2.5,Y,1,1,1,1,1,3.3196,2.2568,1.0628,0.5314,5.7,0.04585,1.01695,1.01695
2,A20,G2,0.2734,TMX,2.5,Y,1,1,1,1,1,3.3747,2.3543,1.0204,0.5102,5.38,0.04585,0.97455,0.97455
2,B1,G1,0.194,TMX,40,Y,1,0,0,0,0,3.3383,NA,#VALUE!,#VALUE!,4.77,0.04585,#VALUE!,#VALUE!
2,B2,G1,0.188,TMX,40,Y,1,0,0,0,0,3.3005,NA,#VALUE!,#VALUE!,4.58,0.04585,#VALUE!,#VALUE!
2,B3,G1,0.22,TMX,40,Y,1,0,0,0,0,3.3947,NA,#VALUE!,#VALUE!,5.01,0.04585,#VALUE!,#VALUE!
2,B4,G1,0.1843,TMX,40,Y,1,0,0,0,0,3.3858,NA,#VALUE!,#VALUE!,4.92,0.04585,#VALUE!,#VALUE!
2,B5,G1,0.2036,TMX,40,Y,1,1,0,0,0,3.3161,3.2385,0.1552,0.0776,5.28,0.04585,0.10935,0.10935
2,B6,G1,0.2773,TMX,40,Y,1,0,0,0,0,3.3738,NA,#VALUE!,#VALUE!,5.55,0.04585,#VALUE!,#VALUE!
2,B7,G1,0.1881,TMX,40,Y,1,1,0,0,0,3.3036,3.2315,0.1442,0.0721,5.24,0.04585,0.09835,0.09835
2,B8,G1,0.21,TMX,40,Y,1,0,0,0,0,3.3245,NA,#VALUE!,#VALUE!,4.57,0.04585,#VALUE!,#VALUE!
2,B9,G1,0.2349,TMX,40,Y,1,0,0,0,0,3.3781,NA,#VALUE!,#VALUE!,5.35,0.04585,#VALUE!,#VALUE!
2,B10,G1,0.1665,TMX,40,Y,1,0,0,0,0,3.3823,NA,#VALUE!,#VALUE!,4.45,0.04585,#VALUE!,#VALUE!
2,B11,G2,0.1907,TMX,40,Y,1,0,0,0,0,3.3962,NA,#VALUE!,#VALUE!,4.98,0.04585,#VALUE!,#VALUE!
2,B12,G2,0.2227,TMX,40,Y,1,0,0,0,0,3.3403,NA,#VALUE!,#VALUE!,5.29,0.04585,#VALUE!,#VALUE!
2,B13,G2,0.1745,TMX,40,N,1,1,NA,NA,NA,NA,NA,#VALUE!,#VALUE!,4.98,0.04585,#VALUE!,#VALUE!
2,B14,G2,0.2552,TMX,40,Y,1,0,0,0,0,3.365,NA,#VALUE!,#VALUE!,5.68,0.04585,#VALUE!,#VALUE!
2,B15,G2,0.1916,TMX,40,Y,1,0,0,0,0,3.3503,NA,#VALUE!,#VALUE!,5.25,0.04585,#VALUE!,#VALUE!
2,B16,G2,0.2271,TMX,40,Y,1,0,0,0,0,3.351,NA,#VALUE!,#VALUE!,5.05,0.04585,#VALUE!,#VALUE!
2,B17,G2,0.1718,TMX,40,N,1,0,NA,NA,NA,NA,NA,#VALUE!,#VALUE!,4.86,0.04585,#VALUE!,#VALUE!
2,B18,G2,0.1955,TMX,40,Y,1,0,0,0,0,3.4085,NA,#VALUE!,#VALUE!,5.09,0.04585,#VALUE!,#VALUE!
2,B19,G2,0.1976,TMX,40,Y,1,0,0,0,0,3.4295,NA,#VALUE!,#VALUE!,5.04,0.04585,#VALUE!,#VALUE!
2,B20,G2,0.1901,TMX,40,Y,1,0,0,0,0,3.2892,NA,#VALUE!,#VALUE!,4.7,0.04585,#VALUE!,#VALUE!
2,C1,G1,0.1775,TMX,10,Y,1,1,0,0,0,3.3861,3.3518,0.0686,0.0343,4.45,0.04585,0.02275,0.02275
2,C2,G1,0.2059,TMX,10,N,1,1,NA,NA,NA,NA,NA,#VALUE!,#VALUE!,5.04,0.04585,#VALUE!,#VALUE!
2,C3,G1,0.2327,TMX,10,Y,1,1,1,1,1,3.3517,2.352,0.9997,0.49985,5.1,0.04585,0.95385,0.95385
2,C4,G1,0.2328,TMX,10,Y,1,1,1,1,1,3.3274,2.1269,1.2005,0.60025,5.25,0.04585,1.15465,1.15465
2,C5,G1,0.2101,TMX,10,N,1,1,NA,NA,NA,NA,NA,#VALUE!,#VALUE!,4.96,0.04585,#VALUE!,#VALUE!
2,C6,G1,0.1952,TMX,10,N,1,1,NA,NA,NA,NA,NA,#VALUE!,#VALUE!,5.33,0.04585,#VALUE!,#VALUE!
2,C7,G1,0.121,TMX,10,Y,1,1,0,0,0,3.3511,3.3174,0.0674,0.0337,4.78,0.04585,0.02155,0.02155
2,C8,G1,0.2023,TMX,10,NA,0,0,NA,NA,NA,NA,NA,#VALUE!,#VALUE!,5.44,0.04585,#VALUE!,#VALUE!
2,C9,G1,0.2678,TMX,10,Y,1,1,1,1,1,3.327,2.2266,1.1004,0.5502,5.05,0.04585,1.05455,1.05455
2,C10,G1,0.2458,TMX,10,N,1,1,NA,NA,NA,NA,NA,#VALUE!,#VALUE!,5.41,0.04585,#VALUE!,#VALUE!
2,C11,G2,0.2174,TMX,10,Y,1,1,0,0,0,3.3813,3.3521,0.0584,0.0292,4.19,0.04585,0.01255,0.01255
2,C12,G2,0.1923,TMX,10,N,1,1,NA,NA,NA,NA,NA,#VALUE!,#VALUE!,4.48,0.04585,#VALUE!,#VALUE!
2,C13,G2,0.1564,TMX,10,N,1,1,NA,NA,NA,NA,NA,#VALUE!,#VALUE!,4.89,0.04585,#VALUE!,#VALUE!
2,C14,G2,0.2132,TMX,10,Y,1,1,0,0,0,3.4331,3.4036,0.059,0.0295,4.7,0.04585,0.01315,0.01315
2,C15,G2,0.2097,TMX,10,N,1,1,NA ,NA,NA,3.3323,NA,#VALUE!,#VALUE!,4.31,0.04585,#VALUE!,#VALUE!
2,C16,G2,0.1651,TMX,10,Y,1,1,0,0,0,3.1433,3.0845,0.1176,0.0588,5.27,0.04585,0.07175,0.07175
2,C17,G2,0.2023,TMX,10,N,1,1,NA,NA,NA,NA,NA,#VALUE!,#VALUE!,5.45,0.04585,#VALUE!,#VALUE!
2,C18,G2,0.2526,TMX,10,N,1,1,NA ,NA,NA,3.4029,NA,#VALUE!,#VALUE!,4.78,0.04585,#VALUE!,#VALUE!
2,C19,G2,0.2162,TMX,10,Y,1,1,0,0,0,3.3885,3.1349,0.5072,0.2536,5.72,0.04585,0.46135,0.46135
2,C20,G2,0.2272,TMX,10,Y,1,1,0,0,0,3.4134,3.3851,0.0566,0.0283,5.01,0.04585,0.01075,0.01075
2,D1,G1,0.166,TMX,5,Y,1,1,1,1,1,3.381,3.1203,0.2607,0.13035,4.1,0.04585,0.21485,0.21485
2,D2,G1,0.2782,TMX,5,N,1,1,NA,NA,NA,NA,NA,#VALUE!,#VALUE!,5.46,0.04585,#VALUE!,#VALUE!
2,D3,G1,0.1838,TMX,5,N,1,1,NA,NA,NA,NA,NA,#VALUE!,#VALUE!,4.61,0.04585,#VALUE!,#VALUE!
2,D4,G1,0.152,TMX,5,Y,1,1,1,1,1,3.368,3.1567,0.2113,0.10565,3.92,0.04585,0.16545,0.16545
2,D5,G1,0.3163,TMX,5,Y,1,1,0,0,0,2.16,2.1246,0.0708,0.0354,5.85,0.04585,0.02495,0.02495
2,D6,G1,0.206,TMX,5,Y,1,1,1,1,1,3.3448,2.1613,1.1835,0.59175,4.22,0.04585,1.13765,1.13765
2,D7,G1,0.2178,TMX,5,Y,1,1,1,1,1,3.3576,2.6389,0.7187,0.35935,5.24,0.04585,0.67285,0.67285
2,D8,G1,0.2761,TMX,5,Y,1,1,1,0,0,3.3804,2.1301,2.5006,1.2503,NA,0.04585,2.45475,2.45475
2,D9,G1,0.158,TMX,5,Y,1,1,0,0,0,3.3559,3.3287,0.0544,0.0272,5.13,0.04585,0.00855,0.00855
2,D10,G1,0.1985,TMX,5,Y,1,1,1,1,1,3.3604,2.1508,1.2096,0.6048,4.9,0.04585,1.16375,1.16375
2,D11,G2,0.1614,TMX,5,N,1,1,NA ,NA ,NA ,NA ,NA ,#VALUE!,#VALUE!,4.44,0.04585,#VALUE!,#VALUE!
2,D12,G2,0.1971,TMX,5,Y,1,1,1,1,1,3.3578,2.7106,0.6472,0.3236,4.93,0.04585,0.60135,0.60135
2,D13,G2,0.2428,TMX,5,Y,1,1,1,1,1,3.1354,2.2154,0.92,0.46,5.51,0.04585,0.87415,0.87415
2,D14,G2,0.209,TMX,5,Y,1,1,0,0,0,3.3506,3.3192,0.0628,0.0314,5.78,0.04585,0.01695,0.01695
2,D15,G2,0.1652,TMX,5,N,1,0,NA ,NA ,NA ,NA ,NA ,#VALUE!,#VALUE!,4.98,0.04585,#VALUE!,#VALUE!
2,D16,G2,0.2066,TMX,5,N,1,1,NA ,NA ,NA ,NA ,NA ,#VALUE!,#VALUE!,4.93,0.04585,#VALUE!,#VALUE!
2,D17,G2,0.1204,TMX,5,Y,1,1,0,0,0,3.3511,3.2745,0.1532,0.0766,3.86,0.04585,0.10735,0.10735
2,D18,G2,0.1852,TMX,5,Y,1,1,0,0,0,3.3646,3.3152,0.0988,0.0494,5.67,0.04585,0.05295,0.05295
2,D19,G2,0.1766,TMX,5,Y,1,1,0,0,0,3.3858,3.2962,0.1792,0.0896,5.21,0.04585,0.13335,0.13335
2,D20,G2,0.271,TMX,5,Y,1,1,1,1,1,3.3098,2.5234,0.7864,0.3932,5.3,0.04585,0.74055,0.74055
2,E1,G1,0.1825,TMX,20,Y,1,0,0,0,0,3.3654,NA,#VALUE!,#VALUE!,4.23,0.04585,#VALUE!,#VALUE!
2,E2,G1,0.1733,TMX,20,N,1,1,NA,NA,NA,NA,NA,#VALUE!,#VALUE!,4.7,0.04585,#VALUE!,#VALUE!
2,E3,G1,0.2223,TMX,20,N,1,1,NA,NA,NA,NA,NA,#VALUE!,#VALUE!,5.16,0.04585,#VALUE!,#VALUE!
2,E4,G1,0.178,TMX,20,Y,1,0,0,0,0,3.2969,NA,#VALUE!,#VALUE!,4.9,0.04585,#VALUE!,#VALUE!
2,E5,G1,0.1784,TMX,20,N,1,1,NA,NA,NA,NA,NA,#VALUE!,#VALUE!,5.44,0.04585,#VALUE!,#VALUE!
2,E6,G1,0.1351,TMX,20,Y,1,1,1,0,0,3.3273,2.6776,1.2994,0.6497,4.1,0.04585,1.25355,1.25355
2,E7,G1,0.2169,TMX,20,Y,1,1,0,0,0,3.3585,3.3289,0.0592,0.0296,5.37,0.04585,0.01335,0.01335
2,E8,G1,0.2326,TMX,20,Y,1,0,0,0,0,3.3524,NA,#VALUE!,#VALUE!,5.46,0.04585,#VALUE!,#VALUE!
2,E9,G1,0.186,TMX,20,Y,1,0,0,0,0,3.4078,NA,#VALUE!,#VALUE!,5.03,0.04585,#VALUE!,#VALUE!
2,E10,G1,0.088,TMX,20,Y,1,0,0,0,0,3.3522,NA,#VALUE!,#VALUE!,3.15,0.04585,#VALUE!,#VALUE!
2,E11,G2,0.2143,TMX,20,Y,1,0,0,0,0,3.3304,NA,#VALUE!,#VALUE!,5.72,0.04585,#VALUE!,#VALUE!
2,E12,G2,0.2221,TMX,20,Y,1,0,0,0,0,3.3561,NA,#VALUE!,#VALUE!,5.19,0.04585,#VALUE!,#VALUE!
2,E13,G2,0.1801,TMX,20,Y,1,0,0,0,0,3.3989,NA,#VALUE!,#VALUE!,4.68,0.04585,#VALUE!,#VALUE!
2,E14,G2,0.2107,TMX,20,Y,1,0,0,0,0,3.363,NA,#VALUE!,#VALUE!,5.4,0.04585,#VALUE!,#VALUE!
2,E15,G2,0.1743,TMX,20,Y,1,0,0,0,0,3.3378,NA,#VALUE!,#VALUE!,4.71,0.04585,#VALUE!,#VALUE!
2,E16,G2,0.2078,TMX,20,N,1,1,NA,NA,NA,NA,NA,#VALUE!,#VALUE!,5.18,0.04585,#VALUE!,#VALUE!
2,E17,G2,0.2127,TMX,20,Y,1,0,0,0,0,3.4076,NA,#VALUE!,#VALUE!,5.11,0.04585,#VALUE!,#VALUE!
2,E18,G2,0.2027,TMX,20,Y,1,1,0,0,0,3.3426,3.3149,0.0554,0.0277,4.92,0.04585,0.00955,0.00955
2,E19,G2,0.495,TMX,20,N,1,1,NA,NA,NA,NA,NA,#VALUE!,#VALUE!,6.01,0.04585,#VALUE!,#VALUE!
2,E20,G2,0.2278,TMX,20,N,1,1,NA,NA,NA,NA,NA,#VALUE!,#VALUE!,5.3,0.04585,#VALUE!,#VALUE!
1,X1,A1,0.2156,SLF,0,Y,1,1,0,0,0,3.3752,3.3061,0.1382,0.0691,5.53,0.0572,0.081,0.081
1,X2,A1,0.235,SLF,0,Y,1,1,1,1,1,3.3743,3.197,0.1773,0.08865,5.39,0.0572,0.1201,0.1201
1,X3,A1,0.1874,SLF,0,Y,1,1,1,1,1,3.3763,2.4291,0.9472,0.4736,4.84,0.0572,0.89,0.89
1,X4,A1,0.2019,SLF,0,N,1,1,NA ,NA ,NA ,NA ,NA ,#VALUE!,#VALUE!,NA,0.0572,#VALUE!,#VALUE!
1,X5,A1,0.2111,SLF,0,Y,1,1,1,1,1,3.3845,2.748,0.6365,0.31825,5.24,0.0572,0.5793,0.5793
1,X6,A1,0.2195,SLF,0,Y,1,0,0,0,0,3.3266,,6.6532,3.3266,4.99,0.0572,6.596,6.596
1,X7,A1,0.2046,SLF,0,Y,1,1,1,1,1,3.3586,2.6081,0.7505,0.37525,5.06,0.0572,0.6933,0.6933
1,X8,A1,0.1658,SLF,0,Y,1,1,1,1,1,3.3874,3.3646,0.0228,0.0114,5.36,0.0572,-0.0344,0
1,X9,A1,0.2098,SLF,0,Y,1,1,1,1,1,3.4125,3.1259,0.2866,0.1433,4.92,0.0572,0.2294,0.2294
1,X10,A1,0.2991,SLF,0,N,1,1,NA ,NA ,NA ,NA ,NA ,#VALUE!,#VALUE!,5.99,0.0572,#VALUE!,#VALUE!
1,X11,A2,0.2273,SLF,0,N,1,0,NA ,NA ,NA ,NA ,NA ,#VALUE!,#VALUE!,5.77,0.0572,#VALUE!,#VALUE!
1,X12,A2,0.2225,SLF,0,N,1,0,NA ,NA ,NA ,NA ,NA ,#VALUE!,#VALUE!,5.72,0.0572,#VALUE!,#VALUE!
1,X13,A2,0.2283,SLF,0,N,1,0,NA ,NA ,NA ,NA ,NA ,#VALUE!,#VALUE!,5.53,0.0572,#VALUE!,#VALUE!
1,X14,A2,0.1665,SLF,0,Y,1,1,1,0,0,3.345,3.2072,0.2756,0.1378,5.14,0.0572,0.2184,0.2184
1,X15,A2,0.298,SLF,0,Y,1,1,1,1,1,3.3823,3.1567,0.2256,0.1128,5.33,0.0572,0.1684,0.1684
1,X16,A2,0.1204,SLF,0,N,1,1,NA ,NA ,NA ,NA ,NA ,#VALUE!,#VALUE!,3.93,0.0572,#VALUE!,#VALUE!
1,X17,A2,0.2102,SLF,0,N,1,0,NA ,NA ,NA ,NA ,NA ,#VALUE!,#VALUE!,4.85,0.0572,#VALUE!,#VALUE!
1,X18,A2,0.2585,SLF,0,Y,1,1,1,1,1,3.3276,3.1232,0.2044,0.1022,5.49,0.0572,0.1472,0.1472
1,X19,A2,0.2359,SLF,0,Y,1,1,1,1,1,3.3592,2.9322,0.427,0.2135,5.51,0.0572,0.3698,0.3698
1,X20,A2,0.1836,SLF,0,Y,1,1,0,0,0,3.3348,3.2879,0.0938,0.0469,5.54,0.0572,0.0366,0.0366
1,A1,A1,0.1762,SLF,80,Y,1,1,1,1,1,3.3472,3.0959,0.2513,0.12565,4.78,0.0572,0.1941,0.1941
1,A2,A1,0.2117,SLF,80,Y,1,1,0,0,0,3.3487,3.2801,0.1372,0.0686,5.59,0.0572,0.08,0.08
1,A3,A1,NA,SLF,80,Y,1,0,0,0,0,3.3837,NA,#VALUE!,#VALUE!,5.03,0.0572,#VALUE!,#VALUE!
1,A4,A1,0.2637,SLF,80,N,1,1,NA ,NA ,NA ,NA ,NA ,#VALUE!,#VALUE!,5.59,0.0572,#VALUE!,#VALUE!
1,A5,A1,0.3468,SLF,80,Y,1,1,1,1,1,3.3073,2.1227,1.1846,0.5923,5.86,0.0572,1.1274,1.1274
1,A6,A1,0.1922,SLF,80,N,1,1,NA ,NA ,NA ,NA ,NA ,#VALUE!,#VALUE!,NA,0.0572,#VALUE!,#VALUE!
1,A7,A1,0.1548,SLF,80,Y,1,0,0,0,0,3.4153,NA,#VALUE!,#VALUE!,4.05,0.0572,#VALUE!,#VALUE!
1,A8,A1,0.3112,SLF,80,Y,1,0,0,0,0,3.2552,NA,#VALUE!,#VALUE!,5.78,0.0572,#VALUE!,#VALUE!
1,A9,A1,0.2381,SLF,80,Y,1,0,0,0,0,3.4063,NA,#VALUE!,#VALUE!,5.07,0.0572,#VALUE!,#VALUE!
1,A10,A1,0.205,SLF,80,Y,1,0,0,0,0,3.4053,NA,#VALUE!,#VALUE!,4.86,0.0572,#VALUE!,#VALUE!
1,A11,A2,0.2984,SLF,80,Y,1,0,0,0,0,3.3479,NA,#VALUE!,#VALUE!,5.93,0.0572,#VALUE!,#VALUE!
1,A12,A2,0.1894,SLF,80,N,1,1,NA ,NA ,NA ,NA ,NA ,#VALUE!,#VALUE!,5.26,0.0572,#VALUE!,#VALUE!
1,A13,A2,0.2104,SLF,80,Y,1,0,0,0,0,3.401,NA,#VALUE!,#VALUE!,5.54,0.0572,#VALUE!,#VALUE!
1,A14,A2,0.185,SLF,80,N,1,1,NA ,NA ,NA ,NA ,NA ,#VALUE!,#VALUE!,5.38,0.0572,#VALUE!,#VALUE!
1,A15,A2,0.1395,SLF,80,N,1,1,NA ,NA ,NA ,NA ,NA ,#VALUE!,#VALUE!,5.07,0.0572,#VALUE!,#VALUE!
1,A16,A2,0.2062,SLF,80,N,1,1,NA ,NA ,NA ,NA ,NA ,#VALUE!,#VALUE!,5.35,0.0572,#VALUE!,#VALUE!
1,A17,A2,0.2097,SLF,80,N,1,1,NA ,NA ,NA ,NA ,NA ,#VALUE!,#VALUE!,5.42,0.0572,#VALUE!,#VALUE!
1,A18,A2,0.1535,SLF,80,N,1,1,NA ,NA ,NA ,NA ,NA ,#VALUE!,#VALUE!,4.76,0.0572,#VALUE!,#VALUE!
1,A19,A2,0.2118,SLF,80,Y,1,0,0,0,0,3.3849,NA,#VALUE!,#VALUE!,5.07,0.0572,#VALUE!,#VALUE!
1,A20,A2,0.2071,SLF,80,Y,1,0,0,0,0,3.4042,NA,#VALUE!,#VALUE!,5.21,0.0572,#VALUE!,#VALUE!
1,B1,A1,0.2602,SLF,8000,Y,1,0,0,0,0,3.3051,NA,#VALUE!,#VALUE!,5.39,0.0572,#VALUE!,#VALUE!
1,B2,A1,0.152,SLF,8000,Y,1,0,0,0,0,3.3774,NA,#VALUE!,#VALUE!,4.49,0.0572,#VALUE!,#VALUE!
1,B3,A1,0.2074,SLF,8000,Y,1,0,0,0,0,3.3445,NA,#VALUE!,#VALUE!,5.05,0.0572,#VALUE!,#VALUE!
1,B4,A1,0.2735,SLF,8000,Y,1,0,0,0,0,3.354,NA,#VALUE!,#VALUE!,4.97,0.0572,#VALUE!,#VALUE!
1,B5,A1,0.1442,SLF,8000,Y,1,1,0,0,0,3.3757,3.2704,0.2106,0.1053,4.93,0.0572,0.1534,0.1534
1,B6,A1,0.1961,SLF,8000,N,1,0,NA ,NA ,NA ,NA ,NA ,#VALUE!,#VALUE!,5.47,0.0572,#VALUE!,#VALUE!
1,B7,A1,0.1358,SLF,8000,Y,1,0,0,0,0,3.3171,NA,#VALUE!,#VALUE!,4.42,0.0572,#VALUE!,#VALUE!
1,B8,A1,0.1636,SLF,8000,Y,1,0,0,0,0,3.3679,NA,#VALUE!,#VALUE!,4.51,0.0572,#VALUE!,#VALUE!
1,B9,A1,0.1488,SLF,8000,Y,1,0,0,0,0,3.356,NA,#VALUE!,#VALUE!,4.57,0.0572,#VALUE!,#VALUE!
1,B10,A1,0.1455,SLF,8000,N,1,0,NA ,NA ,NA ,NA ,NA ,#VALUE!,#VALUE!,4.82,0.0572,#VALUE!,#VALUE!
1,B11,A2,0.1904,SLF,8000,N,1,0,NA ,NA ,NA ,NA ,NA ,#VALUE!,#VALUE!,4.79,0.0572,#VALUE!,#VALUE!
1,B12,A2,0.1313,SLF,8000,Y,1,0,0,0,0,3.3626,NA,#VALUE!,#VALUE!,4.21,0.0572,#VALUE!,#VALUE!
1,B13,A2,0.1879,SLF,8000,Y,1,0,0,0,0,3.4073,NA,#VALUE!,#VALUE!,4.77,0.0572,#VALUE!,#VALUE!
1,B14,A2,0.2268,SLF,8000,Y,1,0,0,0,0,3.3844,NA,#VALUE!,#VALUE!,5.1,0.0572,#VALUE!,#VALUE!
1,B15,A2,0.1158,SLF,8000,Y,1,1,0,0,0,3.3162,3.2068,0.2188,0.1094,3.47,0.0572,0.1616,0.1616
1,B16,A2,0.2011,SLF,8000,N,1,0,NA ,NA ,NA ,3.267,NA,#VALUE!,#VALUE!,5.52,0.0572,#VALUE!,#VALUE!
1,B17,A2,0.1587,SLF,8000,Y,1,0,0,0,0,3.3749,NA,#VALUE!,#VALUE!,4.49,0.0572,#VALUE!,#VALUE!
1,B18,A2,0.2333,SLF,8000,Y,1,0,0,0,0,3.3329,NA,#VALUE!,#VALUE!,5.47,0.0572,#VALUE!,#VALUE!
1,B19,A2,0.1929,SLF,8000,Y,1,0,0,0,0,3.3494,NA,#VALUE!,#VALUE!,4.91,0.0572,#VALUE!,#VALUE!
1,B20,A2,0.2198,SLF,8000,Y,1,0,0,0,0,3.3726,NA,#VALUE!,#VALUE!,4.91,0.0572,#VALUE!,#VALUE!
1,C1,A1,0.1741,SLF,16,Y,1,1,0,0,0,3.3436,3.2652,0.1568,0.0784,4.3,0.0572,0.0996,0.0996
1,C2,A1,0.2938,SLF,16,Y,1,1,1,1,1,3.406,3.0745,0.3315,0.16575,5.34,0.0572,0.2743,0.2743
1,C3,A1,0.1155,SLF,16,Y,1,0,0,0,0,3.3716,,6.7432,3.3716,3.9,0.0572,6.686,6.686
1,C4,A1,0.1671,SLF,16,Y,1,1,0,0,0,3.3719,3.271,0.2018,0.1009,5.14,0.0572,0.1446,0.1446
1,C5,A1,0.1883,SLF,16,Y,1,1,0,0,0,3.3709,3.273,0.1958,0.0979,5.34,0.0572,0.1386,0.1386
1,C6,A1,0.2264,SLF,16,Y,1,1,1,1,1,3.449,3.17,0.279,0.1395,5.04,0.0572,0.2218,0.2218
1,C7,A1,0.1803,SLF,16,Y,1,1,0,0,0,3.3455,3.2643,0.1624,0.0812,5.42,0.0572,0.1052,0.1052
1,C8,A1,0.1731,SLF,16,Y,1,1,0,0,0,3.3734,3.2657,0.2154,0.1077,4.32,0.0572,0.1582,0.1582
1,C9,A1,0.2674,SLF,16,Y,1,1,1,1,1,3.3633,2.8461,0.5172,0.2586,4.85,0.0572,0.46,0.46
1,C10,A1,0.2181,SLF,16,Y,1,1,0,0,0,3.3198,3.2635,0.1126,0.0563,5.15,0.0572,0.0554,0.0554
1,C11,A2,0.1478,SLF,16,Y,1,1,0,0,0,3.3618,3.2095,0.3046,0.1523,5.35,0.0572,0.2474,0.2474
1,C12,A2,0.1244,SLF,16,Y,1,1,0,0,0,3.3995,3.3608,0.0774,0.0387,4.77,0.0572,0.0202,0.0202
1,C13,A2,0.2073,SLF,16,N,1,1,NA ,NA ,NA ,3.3779,NA,#VALUE!,#VALUE!,5.64,0.0572,#VALUE!,#VALUE!
1,C14,A2,0.194,SLF,16,Y,1,1,0,0,0,3.3365,3.2462,0.1806,0.0903,5.56,0.0572,0.1234,0.1234
1,C15,A2,0.155,SLF,16,Y,1,1,0,0,0,3.4054,3.3167,0.1774,0.0887,4.98,0.0572,0.1202,0.1202
1,C16,A2,0.2184,SLF,16,N,1,1,NA ,NA ,NA ,3.352,NA,#VALUE!,#VALUE!,5.38,0.0572,#VALUE!,#VALUE!
1,C17,A2,0.154,SLF,16,Y,1,1,0,0,0,3.3595,3.3335,0.052,0.026,5.2,0.0572,-0.0052,0
1,C18,A2,0.1437,SLF,16,Y,1,1,0,0,0,3.34,3.2585,0.163,0.0815,4.3,0.0572,0.1058,0.1058
1,C19,A2,0.1317,SLF,16,Y,1,1,0,0,0,3.3836,3.3245,0.1182,0.0591,4.74,0.0572,0.061,0.061
1,C20,A2,0.2728,SLF,16,Y,1,1,1,1,1,3.3983,3.0124,0.3859,0.19295,5.61,0.0572,0.3287,0.3287
1,D1,A1,0.1989,SLF,4000,Y,1,0,0,0,0,3.3677,NA,#VALUE!,#VALUE!,5.23,0.0572,#VALUE!,#VALUE!
1,D2,A1,0.2047,SLF,4000,Y,1,0,0,0,0,3.3371,NA,#VALUE!,#VALUE!,5.28,0.0572,#VALUE!,#VALUE!
1,D3,A1,0.1784,SLF,4000,N,1,0,NA ,NA ,NA ,3.3314,NA,#VALUE!,#VALUE!,5.14,0.0572,#VALUE!,#VALUE!
1,D4,A1,0.2281,SLF,4000,Y,1,0,0,0,0,3.4107,NA,#VALUE!,#VALUE!,5.35,0.0572,#VALUE!,#VALUE!
1,D5,A1,0.2453,SLF,4000,Y,1,0,0,0,0,3.4123,NA,#VALUE!,#VALUE!,5.43,0.0572,#VALUE!,#VALUE!
1,D6,A1,0.1986,SLF,4000,Y,1,0,0,0,0,3.4024,NA,#VALUE!,#VALUE!,5.38,0.0572,#VALUE!,#VALUE!
1,D7,A1,0.1431,SLF,4000,Y,1,0,0,0,0,3.3767,NA,#VALUE!,#VALUE!,4.53,0.0572,#VALUE!,#VALUE!
1,D8,A1,0.1947,SLF,4000,N,1,0,NA ,NA ,NA ,3.3869,NA,#VALUE!,#VALUE!,5.29,0.0572,#VALUE!,#VALUE!
1,D9,A1,0.1624,SLF,4000,Y,1,0,0,0,0,3.3549,NA,#VALUE!,#VALUE!,4.76,0.0572,#VALUE!,#VALUE!
1,D10,A1,0.2498,SLF,4000,N,1,0,NA ,NA ,NA ,3.368,NA,#VALUE!,#VALUE!,5.58,0.0572,#VALUE!,#VALUE!
1,D11,A2,0.1725,SLF,4000,Y,1,0,0,0,0,3.3592,NA,#VALUE!,#VALUE!,4.99,0.0572,#VALUE!,#VALUE!
1,D12,A2,0.2328,SLF,4000,Y,1,0,0,0,0,3.3139,NA,#VALUE!,#VALUE!,5.39,0.0572,#VALUE!,#VALUE!
1,D13,A2,0.2422,SLF,4000,Y,1,0,0,0,0,3.4006,NA,#VALUE!,#VALUE!,5.49,0.0572,#VALUE!,#VALUE!
1,D14,A2,0.1944,SLF,4000,Y,1,0,0,0,0,3.3863,NA,#VALUE!,#VALUE!,5.02,0.0572,#VALUE!,#VALUE!
1,D15,A2,0.2442,SLF,4000,Y,1,0,0,0,0,3.4025,NA,#VALUE!,#VALUE!,5.93,0.0572,#VALUE!,#VALUE!
1,D16,A2,0.1779,SLF,4000,Y,1,0,0,0,0,3.3362,NA,#VALUE!,#VALUE!,4.61,0.0572,#VALUE!,#VALUE!
1,D17,A2,0.1848,SLF,4000,Y,1,0,0,0,0,3.4069,NA,#VALUE!,#VALUE!,5.45,0.0572,#VALUE!,#VALUE!
1,D18,A2,0.2045,SLF,4000,Y,1,0,0,0,0,3.3631,NA,#VALUE!,#VALUE!,5.35,0.0572,#VALUE!,#VALUE!
1,D19,A2,0.1834,SLF,4000,Y,1,0,0,0,0,3.3356,NA,#VALUE!,#VALUE!,5.42,0.0572,#VALUE!,#VALUE!
1,D20,A2,0.1998,SLF,4000,N,1,0,NA ,NA ,NA ,3.3893,NA,#VALUE!,#VALUE!,5.02,0.0572,#VALUE!,#VALUE!
1,E1,A1,0.2409,SLF,400,N,1,0,NA,NA,NA,3.402,NA,#VALUE!,#VALUE!,5.58,0.0572,#VALUE!,#VALUE!
1,E2,A1,0.1873,SLF,400,N,1,1,NA,NA,NA,3.3366,NA,#VALUE!,#VALUE!,4.55,0.0572,#VALUE!,#VALUE!
1,E3,A1,0.2252,SLF,400,Y,1,0,0,0,0,3.348,NA,#VALUE!,#VALUE!,5.52,0.0572,#VALUE!,#VALUE!
1,E4,A1,0.1773,SLF,400,N,1,1,NA,NA,NA,3.4038,NA,#VALUE!,#VALUE!,5.17,0.0572,#VALUE!,#VALUE!
1,E5,A1,0.1535,SLF,400,Y,1,0,0,0,0,3.356,NA,#VALUE!,#VALUE!,5.02,0.0572,#VALUE!,#VALUE!
1,E6,A1,0.2084,SLF,400,Y,1,0,0,0,0,3.3663,NA,#VALUE!,#VALUE!,5.22,0.0572,#VALUE!,#VALUE!
1,E7,A1,0.1878,SLF,400,Y,1,0,0,0,0,3.3902,NA,#VALUE!,#VALUE!,4.96,0.0572,#VALUE!,#VALUE!
1,E8,A1,0.1479,SLF,400,Y,1,0,0,0,0,3.345,NA,#VALUE!,#VALUE!,4.74,0.0572,#VALUE!,#VALUE!
1,E9,A1,0.1922,SLF,400,Y,1,0,0,0,0,3.4213,NA,#VALUE!,#VALUE!,5.33,0.0572,#VALUE!,#VALUE!
1,E10,A1,0.2668,SLF,400,Y,1,0,0,0,0,3.3737,NA,#VALUE!,#VALUE!,5.5,0.0572,#VALUE!,#VALUE!
1,E11,A2,0.1778,SLF,400,Y,1,0,0,0,0,3.4064,NA,#VALUE!,#VALUE!,4.88,0.0572,#VALUE!,#VALUE!
1,E12,A2,0.2215,SLF,400,N,1,0,NA,NA,NA,3.3448,NA,#VALUE!,#VALUE!,5.42,0.0572,#VALUE!,#VALUE!
1,E13,A2,0.1736,SLF,400,Y,1,0,0,0,0,3.3786,NA,#VALUE!,#VALUE!,4.59,0.0572,#VALUE!,#VALUE!
1,E14,A2,0.1642,SLF,400,Y,1,0,0,0,0,3.3547,NA,#VALUE!,#VALUE!,4.76,0.0572,#VALUE!,#VALUE!
1,E15,A2,0.1613,SLF,400,N,1,1,NA,NA,NA,3.3904,NA,#VALUE!,#VALUE!,4.53,0.0572,#VALUE!,#VALUE!
1,E16,A2,0.2142,SLF,400,Y,1,0,0,0,0,3.3926,NA,#VALUE!,#VALUE!,5.05,0.0572,#VALUE!,#VALUE!
1,E17,A2,0.1641,SLF,400,Y,1,0,0,0,0,3.3809,NA,#VALUE!,#VALUE!,4.58,0.0572,#VALUE!,#VALUE!
1,E18,A2,0.2028,SLF,400,N,1,0,NA,NA,NA,3.3537,NA,#VALUE!,#VALUE!,5.3,0.0572,#VALUE!,#VALUE!
1,E19,A2,0.226,SLF,400,Y,1,0,0,0,0,3.3533,NA,#VALUE!,#VALUE!,5.53,0.0572,#VALUE!,#VALUE!
1,E20,A2,0.1511,SLF,400,N,1,1,NA,NA,NA,3.413,NA,#VALUE!,#VALUE!,4.74,0.0572,#VALUE!,#VALUE!
1,E1,A1,0.2214,ACETONE,5,N,1,1,NA,NA,NA,3.3854,NA,#VALUE!,#VALUE!,5.54,0.0572,#VALUE!,#VALUE!
1,E2,A1,0.2064,ACETONE,5,Y,1,1,1,0,0,3.3177,2.1312,1.1865,0.59325,5.37,0.0572,1.1293,1.1293
1,E3,A2,0.1792,ACETONE,5,Y,1,1,1,1,1,3.318,3.0686,0.2494,0.1247,4.86,0.0572,0.1922,0.1922
1,E4,A2,0.2591,ACETONE,5,Y,1,1,1,1,1,3.3869,3.2102,0.1767,0.08835,5.35,0.0572,0.1195,0.1195
1,E5,A2,0.1655,ACETONE,5,N,1,1,NA,NA,NA,3.3397,NA,#VALUE!,#VALUE!,4.87,0.0572,#VALUE!,#VALUE!
1,A1,A1,0.2056,ACETONE,10,Y,1,1,1,1,1,3.3632,3.2169,0.1463,0.07315,4.35,0.0572,0.0891,0.0891
1,A2,A1,0.1548,ACETONE,10,Y,1,1,1,0,0,3.3479,2.4993,0.8486,0.4243,3.97,0.0572,0.7914,0.7914
1,A3,A2,0.1527,ACETONE,10,N,1,1,NA,NA,NA,3.3625,NA,#VALUE!,#VALUE!,4.44,0.0572,#VALUE!,#VALUE!
1,A4,A2,0.151,ACETONE,10,N,1,1,NA,NA,NA,3.314,NA,#VALUE!,#VALUE!,4.49,0.0572,#VALUE!,#VALUE!
1,A5,A2,0.1754,ACETONE,10,Y,1,1,1,0,0,3.3856,2.9947,0.3909,0.19545,4.32,0.0572,0.3337,0.3337
1,X1,A1,0.145,ACETONE,0.25,N,1,1,NA,NA,NA,3.3996,NA,#VALUE!,#VALUE!,3.97,0.0572,#VALUE!,#VALUE!
1,X2,A1,0.1769,ACETONE,0.25,Y,1,1,1,1,1,3.2841,2.2836,1.0005,0.50025,4.24,0.0572,0.9433,0.9433
1,X3,A2,0.1804,ACETONE,0.25,Y,1,1,1,1,1,3.3115,3.2262,0.1706,0.0853,4.96,0.0572,0.1134,0.1134
1,X4,A2,0.201,ACETONE,0.25,N,1,1,NA,NA,NA,3.3864,NA,#VALUE!,#VALUE!,4.85,0.0572,#VALUE!,#VALUE!
1,X5,A2,0.1796,ACETONE,0.25,Y,1,1,1,1,1,3.3338,3.183,0.3016,0.1508,4.52,0.0572,0.2444,0.2444
3,X1,A1,0.145,FLU,0.25,N,1,1,NA,NA,NA,3.3996,NA,#VALUE!,#VALUE!,3.97,0.0572,#VALUE!,#VALUE!
3,X2,A1,0.1769,FLU,0.25,Y,1,1,1,1,1,3.2841,2.2836,1.0005,0.50025,4.24,0.0572,0.9433,0.9433
3,X3,A2,0.1804,FLU,0.25,Y,1,1,1,1,1,3.3115,3.2262,0.1706,0.0853,4.96,0.0572,0.1134,0.1134
3,X4,A2,0.201,FLU,0.25,N,1,1,NA,NA,NA,3.3864,NA,#VALUE!,#VALUE!,4.85,0.0572,#VALUE!,#VALUE!
3,X5,A2,0.1796,FLU,0.25,Y,1,1,0,0,0,3.3338,3.183,0.3016,0.1508,4.52,0.0572,0.2444,0.2444
3,B1,A1,0.2414,FLU,20000,Y,1,0,0,0,0,3.3375,NA,#VALUE!,#VALUE!,5.87,0.06356,#VALUE!,#VALUE!
3,B2,A1,0.1614,FLU,20000,Y,1,1,0,0,0,3.3478,3.2397,0.2162,0.1081,4.51,0.06356,0.15264,0.15264
3,B3,A2,0.2013,FLU,20000,N,1,1,NA,NA,NA,3.3113,NA,#VALUE!,#VALUE!,4.98,0.06356,#VALUE!,#VALUE!
3,B4,A2,0.2156,FLU,20000,Y,1,1,0,0,0,3.3397,3.314,0.0514,0.0257,4.34,0.06356,-0.01216,0
3,B5,A2,0.2615,FLU,20000,Y,1,1,1,1,1,3.368,2.7536,0.6144,0.3072,5.4,0.06356,0.55084,0.55084
3,C1,A1,0.1497,FLU,80000,Y,1,1,0,0,0,3.3555,3.2492,0.2126,0.1063,5.38,0.06356,0.14904,0.14904
3,C2,A1,0.1414,FLU,80000,Y,1,0,0,0,0,3.3459,NA,#VALUE!,#VALUE!,4.07,0.06356,#VALUE!,#VALUE!
3,C3,A2,0.1448,FLU,80000,Y,1,1,0,0,0,3.3577,3.2663,0.1828,0.0914,4.56,0.06356,0.11924,0.11924
3,C4,A2,0.2773,FLU,80000,Y,1,1,0,0,0,3.3324,3.204,0.2568,0.1284,5.23,0.06356,0.19324,0.19324
3,C5,A2,0.1499,FLU,80000,Y,1,1,0,0,0,3.3183,3.2271,0.1824,0.0912,4.13,0.06356,0.11884,0.11884
3,D1,A1,0.2273,FLU,10000,Y,1,1,1,1,1,3.3524,2.1348,1.2176,0.6088,5.38,0.06356,1.15404,1.15404
3,D2,A1,0.1463,FLU,10000,Y,1,1,0,0,0,3.3225,3.232,0.181,0.0905,4.37,0.06356,0.11744,0.11744
3,D3,A2,0.2133,FLU,10000,N,1,1,NA,NA,NA,3.3105,NA,#VALUE!,#VALUE!,5.82,0.06356,#VALUE!,#VALUE!
3,D4,A2,0.2705,FLU,10000,Y,1,1,1,1,1,3.3945,2.1258,1.2687,0.63435,5.3,0.06356,1.20514,1.20514
3,D5,A2,0.2242,FLU,10000,NA,0,0,0,0,0,3.3978,NA,#VALUE!,#VALUE!,5.32,0.06356,#VALUE!,#VALUE!
3,F1,A1,0.2434,FLU,5000,N,1,1,NA,NA,NA,3.3533,NA,#VALUE!,#VALUE!,5.38,0.06356,#VALUE!,#VALUE!
3,F2,A1,0.168,FLU,5000,Y,1,1,1,1,1,3.3843,2.1317,1.2526,0.6263,4.57,0.06356,1.18904,1.18904
3,F3,A2,0.1752,FLU,5000,Y,1,1,0,0,0,3.3856,3.2937,0.1838,0.0919,4.08,0.06356,0.12024,0.12024
3,F4,A2,0.2528,FLU,5000,Y,1,1,1,1,1,3.3292,3.1573,0.1719,0.08595,4.6,0.06356,0.10834,0.10834
3,F5,A2,0.2051,FLU,5000,Y,1,1,1,1,1,3.37,2.9998,0.3702,0.1851,5.03,0.06356,0.30664,0.30664
3,G1,A1,0.153,FLU,40000,Y,1,1,0,0,0,3.3726,3.1787,0.3878,0.1939,4.48,0.06356,0.32424,0.32424
3,G2,A1,0.2146,FLU,40000,Y,1,0,0,0,0,3.3739,NA,#VALUE!,#VALUE!,5.98,0.06356,#VALUE!,#VALUE!
3,G3,A2,0.1483,FLU,40000,Y,1,0,0,0,0,3.3347,NA,#VALUE!,#VALUE!,4.5,0.06356,#VALUE!,#VALUE!
3,G4,A2,0.1674,FLU,40000,Y,1,0,0,0,0,3.3646,NA,#VALUE!,#VALUE!,4.52,0.06356,#VALUE!,#VALUE!
3,G5,A2,0.2123,FLU,40000,N,1,0,NA,NA,NA,3.3543,NA,#VALUE!,#VALUE!,5.69,0.06356,#VALUE!,#VALUE!
2,X1,A1,0.1949,SLF,0,Y,1,1,1,1,1,3.3849,2.1554,1.2295,0.61475,5.34,0.0599,1.1696,1.1696
2,X2,A1,0.2038,SLF,0,Y,1,1,1,1,1,3.3944,2.1516,1.2428,0.6214,5.31,0.0599,1.1829,1.1829
2,X3,A1,0.1188,SLF,0,Y,1,1,1,0,0,3.3323,3.2015,0.2616,0.1308,4.06,0.0599,0.2017,0.2017
2,X4,A1,0.1813,SLF,0,Y,1,1,1,1,1,3.3115,2.913,0.3985,0.19925,5.32,0.0599,0.3386,0.3386
2,X5,A1,0.1785,SLF,0,N,1,1,NA,NA,NA,3.3419,NA,#VALUE!,#VALUE!,4.56,0.0599,#VALUE!,#VALUE!
2,X6,A1,0.2118,SLF,0,Y,1,1,1,1,1,3.4067,2.2224,1.1843,0.59215,5.84,0.0599,1.1244,1.1244
2,X7,A1,0.2005,SLF,0,Y,1,1,1,1,1,3.375,2.1522,1.2228,0.6114,5.44,0.0599,1.1629,1.1629
2,X8,A1,0.1272,SLF,0,Y,1,1,1,1,1,3.3555,3.1745,0.181,0.0905,4.46,0.0599,0.1211,0.1211
2,X9,A1,0.1841,SLF,0,Y,1,1,1,1,1,3.4216,2.2001,1.2215,0.61075,5.14,0.0599,1.1616,1.1616
2,X10,A1,0.2162,SLF,0,N,1,1,NA,NA,NA,3.358,NA,#VALUE!,#VALUE!,5.09,0.0599,#VALUE!,#VALUE!
2,X11,A2,0.1578,SLF,0,N,1,1,NA,NA,NA,3.3385,NA,#VALUE!,#VALUE!,4.94,0.0599,#VALUE!,#VALUE!
2,X12,A2,0.1573,SLF,0,N,1,1,NA,NA,NA,3.3128,NA,#VALUE!,#VALUE!,4.52,0.0599,#VALUE!,#VALUE!
2,X13,A2,0.21,SLF,0,Y,1,1,1,1,1,3.4012,3.1878,0.2134,0.1067,5.53,0.0599,0.1535,0.1535
2,X14,A2,0.1511,SLF,0,Y,1,1,1,1,1,3.3755,3.1984,0.1771,0.08855,4.39,0.0599,0.1172,0.1172
2,X15,A2,0.2086,SLF,0,Y,1,1,1,1,1,3.3584,2.1259,1.2325,0.61625,5.89,0.0599,1.1726,1.1726
2,X16,A2,0.1621,SLF,0,N,1,1,NA,NA,NA,3.3856,NA,#VALUE!,#VALUE!,4.07,0.0599,#VALUE!,#VALUE!
2,X17,A2,0.2486,SLF,0,Y,1,1,1,1,1,3.3788,2.5647,0.8141,0.40705,6.04,0.0599,0.7542,0.7542
2,X18,A2,0.2093,SLF,0,Y,1,1,1,1,1,3.2246,2.8519,0.3727,0.18635,5.58,0.0599,0.3128,0.3128
2,X19,A2,0.2527,SLF,0,N,1,1,NA,NA,NA,3.3962,NA,#VALUE!,#VALUE!,5.86,0.0599,#VALUE!,#VALUE!
2,X20,A2,0.272,SLF,0,Y,1,1,1,1,1,3.3372,2.1539,1.1833,0.59165,6.02,0.0599,1.1234,1.1234
2,A1,A1,0.1333,SLF,400,Y,1,0,0,0,0,3.3187,NA,#VALUE!,#VALUE!,3.45,0.0599,#VALUE!,#VALUE!
2,A2,A1,0.2364,SLF,400,Y,1,1,0,0,0,3.3383,3.2622,0.1522,0.0761,4.42,0.0599,0.0923,0.0923
2,A3,A1,0.2165,SLF,400,Y,1,0,0,0,0,3.3908,NA,#VALUE!,#VALUE!,5.12,0.0599,#VALUE!,#VALUE!
2,A4,A1,0.2112,SLF,400,N,1,1,NA,NA,NA,3.4081,NA,#VALUE!,#VALUE!,5.1,0.0599,#VALUE!,#VALUE!
2,A5,A1,0.2313,SLF,400,Y,1,0,0,0,0,3.4179,NA,#VALUE!,#VALUE!,5.43,0.0599,#VALUE!,#VALUE!
2,A6,A1,0.2275,SLF,400,Y,1,0,0,0,0,3.3754,NA,#VALUE!,#VALUE!,5.8,0.0599,#VALUE!,#VALUE!
2,A7,A1,0.1624,SLF,400,Y,1,0,0,0,0,3.3609,NA,#VALUE!,#VALUE!,4.57,0.0599,#VALUE!,#VALUE!
2,A8,A1,0.1227,SLF,400,N,1,1,NA,NA,NA,3.3727,NA,#VALUE!,#VALUE!,3.4,0.0599,#VALUE!,#VALUE!
2,A9,A1,0.1677,SLF,400,Y,1,0,0,0,0,3.3233,NA,#VALUE!,#VALUE!,4.57,0.0599,#VALUE!,#VALUE!
2,A10,A1,0.1952,SLF,400,Y,1,1,1,1,1,3.3587,2.1319,1.2268,0.6134,5.18,0.0599,1.1669,1.1669
2,A11,A2,0.1472,SLF,400,Y,1,1,0,0,0,3.3844,3.3179,0.133,0.0665,4.94,0.0599,0.0731,0.0731
2,A12,A2,0.2054,SLF,400,Y,1,0,0,0,0,3.3947,NA,#VALUE!,#VALUE!,5.34,0.0599,#VALUE!,#VALUE!
2,A13,A2,0.2576,SLF,400,Y,1,0,0,0,0,3.1665,NA,#VALUE!,#VALUE!,6.36,0.0599,#VALUE!,#VALUE!
2,A14,A2,0.1323,SLF,400,N,1,1,NA,NA,NA,3.3867,NA,#VALUE!,#VALUE!,4.12,0.0599,#VALUE!,#VALUE!
2,A15,A2,0.1442,SLF,400,Y,1,0,0,0,0,3.3913,NA,#VALUE!,#VALUE!,4.45,0.0599,#VALUE!,#VALUE!
2,A16,A2,0.2127,SLF,400,N,1,1,NA,NA,NA,3.4001,NA,#VALUE!,#VALUE!,4.86,0.0599,#VALUE!,#VALUE!
2,A17,A2,0.1661,SLF,400,N,1,1,NA,NA,NA,3.403,NA,#VALUE!,#VALUE!,5.23,0.0599,#VALUE!,#VALUE!
2,A18,A2,0.1809,SLF,400,N,1,1,NA,NA,NA,3.4078,NA,#VALUE!,#VALUE!,4.93,0.0599,#VALUE!,#VALUE!
2,A19,A2,0.1737,SLF,400,N,1,1,NA,NA,NA,3.3738,NA,#VALUE!,#VALUE!,4.37,0.0599,#VALUE!,#VALUE!
2,A20,A2,0.1243,SLF,400,Y,1,0,0,0,0,3.3182,NA,#VALUE!,#VALUE!,4.35,0.0599,#VALUE!,#VALUE!
2,B1,A1,0.2272,SLF,16,Y,1,1,1,1,1,3.3691,2.2466,1.1225,0.56125,4.91,0.0599,1.0626,1.0626
2,B2,A1,0.242,SLF,16,Y,1,1,1,1,1,3.3435,2.1359,1.2076,0.6038,5.67,0.0599,1.1477,1.1477
2,B3,A1,0.2459,SLF,16,Y,1,1,1,1,1,3.4023,2.1817,1.2206,0.6103,4.85,0.0599,1.1607,1.1607
2,B4,A1,0.1617,SLF,16,Y,1,1,1,1,1,3.3568,2.9332,0.4236,0.2118,4.7,0.0599,0.3637,0.3637
2,B5,A1,0.2154,SLF,16,Y,1,1,1,1,1,3.1857,2.747,0.4387,0.21935,5.43,0.0599,0.3788,0.3788
2,B6,A1,0.1325,SLF,16,Y,1,1,1,0,0,3.39,3.2899,0.2002,0.1001,4.41,0.0599,0.1403,0.1403
2,B7,A1,0.1656,SLF,16,N,1,1,NA,NA,NA,3.3237,NA,#VALUE!,#VALUE!,4.36,0.0599,#VALUE!,#VALUE!
2,B8,A1,0.2449,SLF,16,Y,1,1,1,1,1,3.3797,3.0976,0.2821,0.14105,5.77,0.0599,0.2222,0.2222
2,B9,A1,0.2175,SLF,16,Y,1,1,1,1,1,3.434,2.5417,0.8923,0.44615,5.44,0.0599,0.8324,0.8324
2,B10,A1,0.3718,SLF,16,Y,1,1,1,1,1,3.4059,2.3575,1.0484,0.5242,5.74,0.0599,0.9885,0.9885
2,B11,A2,0.1542,SLF,16,Y,1,1,1,1,1,3.3987,2.3637,1.035,0.5175,4.65,0.0599,0.9751,0.9751
2,B12,A2,0.1896,SLF,16,Y,1,1,1,1,1,3.401,2.1754,1.2256,0.6128,5.22,0.0599,1.1657,1.1657
2,B13,A2,0.2148,SLF,16,Y,1,1,1,1,1,3.397,3.1224,0.2746,0.1373,5.13,0.0599,0.2147,0.2147
2,B14,A2,0.2155,SLF,16,N,1,1,NA,NA,NA,3.3532,NA,#VALUE!,#VALUE!,5.3,0.0599,#VALUE!,#VALUE!
2,B15,A2,0.2184,SLF,16,Y,1,1,1,1,1,3.257,2.8493,0.4077,0.20385,4.64,0.0599,0.3478,0.3478
2,B16,A2,0.1839,SLF,16,Y,1,1,1,1,1,3.4015,2.1224,1.2791,0.63955,5.17,0.0599,1.2192,1.2192
2,B17,A2,0.1201,SLF,16,Y,1,1,0,0,0,3.3966,3.3511,0.091,0.0455,4.76,0.0599,0.0311,0.0311
2,B18,A2,0.1539,SLF,16,N,1,1,NA,NA,NA,3.3254,NA,#VALUE!,#VALUE!,5.03,0.0599,#VALUE!,#VALUE!
2,B19,A2,0.1843,SLF,16,Y,1,1,1,1,1,3.3445,3.2184,0.1261,0.06305,5.35,0.0599,0.0662,0.0662
2,B20,A2,0.2331,SLF,16,N,1,1,NA,NA,NA,3.3985,NA,#VALUE!,#VALUE!,5.86,0.0599,#VALUE!,#VALUE!
2,C1,A1,0.1975,SLF,8,Y,1,1,1,1,1,3.383,2.3455,1.0375,0.51875,4.99,0.0599,0.9776,0.9776
2,C2,A1,0.2219,SLF,8,Y,1,1,1,1,1,3.3366,2.2829,1.0537,0.52685,4.8,0.0599,0.9938,0.9938
2,C3,A1,0.2597,SLF,8,Y,1,1,1,1,1,3.3794,2.2927,1.0867,0.54335,5.2,0.0599,1.0268,1.0268
2,C4,A1,0.1446,SLF,8,Y,1,1,1,1,1,3.3438,2.1578,1.186,0.593,4.14,0.0599,1.1261,1.1261
2,C5,A1,0.1214,SLF,8,Y,1,1,1,1,1,3.353,2.7216,0.6314,0.3157,3.14,0.0599,0.5715,0.5715
2,C6,A1,0.201,SLF,8,Y,1,1,1,1,1,3.3766,2.1626,1.214,0.607,5.21,0.0599,1.1541,1.1541
2,C7,A1,0.1987,SLF,8,Y,1,1,1,1,1,3.3249,2.1253,1.1996,0.5998,4.93,0.0599,1.1397,1.1397
2,C8,A1,0.2176,SLF,8,Y,1,1,1,1,1,3.3251,2.1492,1.1759,0.58795,4.57,0.0599,1.116,1.116
2,C9,A1,0.2898,SLF,8,Y,1,1,1,1,1,3.3356,2.1511,1.1845,0.59225,5.68,0.0599,1.1246,1.1246
2,C10,A1,0.2232,SLF,8,N,1,1,NA,NA,NA,NA,NA,#VALUE!,#VALUE!,5.52,0.0599,#VALUE!,#VALUE!
2,C11,A2,0.2457,SLF,8,Y,1,1,1,1,1,3.3667,3.2236,0.1431,0.07155,5.46,0.0599,0.0832,0.0832
2,C12,A2,0.1917,SLF,8,N,1,1,NA,NA,NA,NA,NA,#VALUE!,#VALUE!,4.51,0.0599,#VALUE!,#VALUE!
2,C13,A2,0.2258,SLF,8,Y,1,1,1,1,1,3.3895,3.234,0.1555,0.07775,5.55,0.0599,0.0956,0.0956
2,C14,A2,0.1824,SLF,8,Y,1,0,0,0,0,3.3347,NA,#VALUE!,#VALUE!,4.75,0.0599,#VALUE!,#VALUE!
2,C15,A2,0.1964,SLF,8,N,1,1,NA,NA,NA,NA,NA,#VALUE!,#VALUE!,5.9,0.0599,#VALUE!,#VALUE!
2,C16,A2,0.2141,SLF,8,Y,1,1,1,1,1,3.3946,2.1287,1.2659,0.63295,4.99,0.0599,1.206,1.206
2,C17,A2,0.1566,SLF,8,Y,1,1,1,1,1,3.3618,2.1094,1.2524,0.6262,4.81,0.0599,1.1925,1.1925
2,C18,A2,0.2802,SLF,8,Y,1,1,1,1,1,3.38,2.5464,0.8336,0.4168,5.6,0.0599,0.7737,0.7737
2,C19,A2,0.1731,SLF,8,Y,1,1,1,1,1,3.4007,2.1505,1.2502,0.6251,5.23,0.0599,1.1903,1.1903
2,C20,A2,0.1436,SLF,8,N,1,1,NA,NA,NA,NA,NA,#VALUE!,#VALUE!,4.52,0.0599,#VALUE!,#VALUE!
2,D1,A1,0.2093,SLF,4,N,1,1,NA,NA,NA,3.402,NA,#VALUE!,#VALUE!,5.23,0.0599,#VALUE!,#VALUE!
2,D2,A1,0.1699,SLF,4,Y,1,1,1,1,1,3.4101,2.2284,1.1817,0.59085,5.1,0.0599,1.1218,1.1218
2,D3,A1,0.1567,SLF,4,Y,1,1,1,1,1,3.4393,2.6034,0.8359,0.41795,4.79,0.0599,0.776,0.776
2,D4,A1,0.1706,SLF,4,Y,1,1,1,1,1,3.3673,2.4652,0.9021,0.45105,4.26,0.0599,0.8422,0.8422
2,D5,A1,0.2037,SLF,4,Y,1,1,1,1,1,3.3541,2.4873,0.8668,0.4334,5.1,0.0599,0.8069,0.8069
2,D6,A1,0.2294,SLF,4,N,1,1,NA,NA,NA,3.3984,NA,#VALUE!,#VALUE!,5.24,0.0599,#VALUE!,#VALUE!
2,D7,A1,0.1621,SLF,4,N,1,1,NA,NA,NA,3.3951,NA,#VALUE!,#VALUE!,3.59,0.0599,#VALUE!,#VALUE!
2,D8,A1,0.0974,SLF,4,N,1,1,NA,NA,NA,3.326,NA,#VALUE!,#VALUE!,4.28,0.0599,#VALUE!,#VALUE!
2,D9,A1,0.16,SLF,4,N,1,1,NA,NA,NA,3.3141,NA,#VALUE!,#VALUE!,4.55,0.0599,#VALUE!,#VALUE!
2,D10,A1,0.1312,SLF,4,Y,1,0,0,0,0,3.4153,NA,#VALUE!,#VALUE!,3.9,0.0599,#VALUE!,#VALUE!
2,D11,A2,0.1402,SLF,4,N,1,1,NA,NA,NA,3.369,NA,#VALUE!,#VALUE!,4.77,0.0599,#VALUE!,#VALUE!
2,D12,A2,0.2767,SLF,4,Y,1,1,1,1,1,3.3957,3.0489,0.3468,0.1734,5.51,0.0599,0.2869,0.2869
2,D13,A2,0.2308,SLF,4,Y,1,1,1,1,1,3.4115,2.1448,1.2667,0.63335,4.85,0.0599,1.2068,1.2068
2,D14,A2,0.2093,SLF,4,N,1,1,NA,NA,NA,3.312,NA,#VALUE!,#VALUE!,5.69,0.0599,#VALUE!,#VALUE!
2,D15,A2,0.2107,SLF,4,N,1,1,NA,NA,NA,3.3828,NA,#VALUE!,#VALUE!,5.55,0.0599,#VALUE!,#VALUE!
2,D16,A2,0.2197,SLF,4,Y,1,1,1,0,0,3.365,3.0541,0.6218,0.3109,4.06,0.0599,0.5619,0.5619
2,D17,A2,0.1849,SLF,4,N,1,1,NA,NA,NA,3.3976,NA,#VALUE!,#VALUE!,5.05,0.0599,#VALUE!,#VALUE!
2,D18,A2,0.1392,SLF,4,N,1,1,NA,NA,NA,3.3869,NA,#VALUE!,#VALUE!,4.06,0.0599,#VALUE!,#VALUE!
2,D19,A2,0.2324,SLF,4,N,1,1,NA,NA,NA,3.3436,NA,#VALUE!,#VALUE!,4.99,0.0599,#VALUE!,#VALUE!
2,D20,A2,0.1328,SLF,4,N,1,1,NA,NA,NA,3.3497,NA,#VALUE!,#VALUE!,3.51,0.0599,#VALUE!,#VALUE!
2,E1,A1,0.1941,SLF,800,N,1,1,NA,NA,NA,3.4045,NA,#VALUE!,#VALUE!,5.45,0.0599,#VALUE!,#VALUE!
2,E2,A1,0.1408,SLF,800,Y,1,1,1,1,1,3.3814,2.9497,0.4317,0.21585,4.61,0.0599,0.3718,0.3718
2,E3,A1,0.2219,SLF,800,Y,1,0,0,0,0,3.3944,NA,#VALUE!,#VALUE!,4.25,0.0599,#VALUE!,#VALUE!
2,E4,A1,0.1741,SLF,800,Y,1,1,1,0,0,3.3832,3.2949,0.1766,0.0883,4.87,0.0599,0.1167,0.1167
2,E5,A1,0.3097,SLF,800,N,1,1,NA,NA,NA,3.3959,NA,#VALUE!,#VALUE!,6.02,0.0599,#VALUE!,#VALUE!
2,E6,A1,0.1811,SLF,800,Y,1,0,0,0,0,3.3786,NA,#VALUE!,#VALUE!,4.4,0.0599,#VALUE!,#VALUE!
2,E7,A1,0.1261,SLF,800,Y,1,0,0,0,0,3.3882,NA,#VALUE!,#VALUE!,4.11,0.0599,#VALUE!,#VALUE!
2,E8,A1,0.1405,SLF,800,Y,1,0,0,0,0,3.4116,NA,#VALUE!,#VALUE!,4.46,0.0599,#VALUE!,#VALUE!
2,E9,A1,0.2038,SLF,800,Y,1,0,0,0,0,3.3612,NA,#VALUE!,#VALUE!,5.36,0.0599,#VALUE!,#VALUE!
2,E10,A1,0.2219,SLF,800,Y,1,0,0,0,0,3.355,NA,#VALUE!,#VALUE!,5.13,0.0599,#VALUE!,#VALUE!
2,E11,A2,0.1995,SLF,800,N,1,1,NA,NA,NA,3.373,NA,#VALUE!,#VALUE!,4.16,0.0599,#VALUE!,#VALUE!
2,E12,A2,0.254,SLF,800,Y,1,0,0,0,0,3.3752,NA,#VALUE!,#VALUE!,5.56,0.0599,#VALUE!,#VALUE!
2,E13,A2,0.2517,SLF,800,Y,1,0,0,0,0,3.3443,NA,#VALUE!,#VALUE!,5.18,0.0599,#VALUE!,#VALUE!
2,E14,A2,0.1381,SLF,800,Y,1,0,0,0,0,3.3474,NA,#VALUE!,#VALUE!,4.58,0.0599,#VALUE!,#VALUE!
2,E15,A2,0.168,SLF,800,N,1,1,NA,NA,NA,3.3539,NA,#VALUE!,#VALUE!,4.11,0.0599,#VALUE!,#VALUE!
2,E16,A2,0.3004,SLF,800,N,1,1,NA,NA,NA,3.4089,NA,#VALUE!,#VALUE!,6.15,0.0599,#VALUE!,#VALUE!
2,E17,A2,0.2248,SLF,800,Y,1,0,0,0,0,3.3339,NA,#VALUE!,#VALUE!,5.27,0.0599,#VALUE!,#VALUE!
2,E18,A2,0.2092,SLF,800,N,1,1,NA,NA,NA,3.3465,NA,#VALUE!,#VALUE!,5.28,0.0599,#VALUE!,#VALUE!
2,E19,A2,0.1816,SLF,800,N,1,1,NA,NA,NA,3.4679,NA,#VALUE!,#VALUE!,5.07,0.0599,#VALUE!,#VALUE!
2,E20,A2,0.1201,SLF,800,Y,1,0,0,0,0,3.3706,NA,#VALUE!,#VALUE!,2.87,0.0599,#VALUE!,#VALUE!
4,X1,A4,0.2037,FLU,0,N,1,1,NA,NA,NA,NA,NA,#VALUE!,#VALUE!,5.5,0.06374,#VALUE!,#VALUE!
4,X2,A4,0.1678,FLU,0,Y,1,1,0,0,0,NA,NA,#VALUE!,#VALUE!,4.56,0.06374,#VALUE!,#VALUE!
4,X3,A4,0.2045,FLU,0,Y,1,1,1,1,1,3.2931,2.8596,0.4335,0.21675,5.02,0.06374,0.36976,0.36976
4,X4,A4,0.2322,FLU,0,N,1,0,0,0,0,NA,NA,#VALUE!,#VALUE!,5.51,0.06374,#VALUE!,#VALUE!
4,X5,A4,0.2783,FLU,0,Y,1,1,1,1,1,3.3041,2.4593,0.8448,0.4224,5.55,0.06374,0.78106,0.78106
4,X6,A4,0.1835,FLU,0,Y,1,1,1,1,1,3.3859,2.1282,1.2577,0.62885,4.99,0.06374,1.19396,1.19396
4,X7,A4,0.2239,FLU,0,Y,1,1,1,1,1,3.3441,3.0181,0.326,0.163,5.6,0.06374,0.26226,0.26226
4,X8,A4,0.2273,FLU,0,Y,1,1,1,1,1,3.3368,2.541,0.7958,0.3979,5.17,0.06374,0.73206,0.73206
4,X9,A4,0.1863,FLU,0,N,1,1,NA,NA,NA,NA,NA,#VALUE!,#VALUE!,5.22,0.06374,#VALUE!,#VALUE!
4,X10,A4,0.1866,FLU,0,Y,1,1,0,0,0,3.2854,NA,#VALUE!,#VALUE!,5.01,0.06374,#VALUE!,#VALUE!
4,X11,NC9,0.2171,FLU,0,Y,1,1,1,1,1,3.3989,3.089,0.3099,0.15495,5.92,0.06374,0.24616,0.24616
4,X12,NC9,0.179,FLU,0,Y,1,1,1,1,1,3.3362,2.9614,0.3748,0.1874,5.08,0.06374,0.31106,0.31106
4,X13,NC9,0.2412,FLU,0,Y,1,1,1,1,1,3.4027,2.4269,0.9758,0.4879,5.38,0.06374,0.91206,0.91206
4,X14,NC9,0.198,FLU,0,Y,1,1,1,1,1,3.3586,2.4396,0.919,0.4595,4.9,0.06374,0.85526,0.85526
4,X15,NC9,0.2203,FLU,0,N,1,1,NA,NA,NA,NA,NA,#VALUE!,#VALUE!,5.57,0.06374,#VALUE!,#VALUE!
4,X16,A1,0.2128,FLU,0,Y,1,1,1,1,1,3.3838,2.1329,1.2509,0.62545,5.37,0.06374,1.18716,1.18716
4,X17,A1,0.2102,FLU,0,Y,1,1,1,1,1,3.3312,3.1813,0.1499,0.07495,4.73,0.06374,0.08616,0.08616
4,X18,A1,0.191,FLU,0,Y,1,1,1,1,1,3.4183,2.1585,1.2598,0.6299,5.07,0.06374,1.19606,1.19606
4,X19,A1,0.2429,FLU,0,Y,1,1,1,1,1,3.3881,2.6224,0.7657,0.38285,5.05,0.06374,0.70196,0.70196
4,X20,A1,0.2479,FLU,0,N,1,1,1,1,1,3.3389,2.6502,0.6887,0.34435,5.54,0.06374,0.62496,0.62496
4,X21,A1,0.194,FLU,0,Y,1,1,1,1,1,NA,NA,#VALUE!,#VALUE!,5.07,0.06374,#VALUE!,#VALUE!
4,A1,A4,0.2161,FLU,2000,Y,1,1,1,1,1,3.3621,2.1845,1.1776,0.5888,5.17,0.06374,1.11386,1.11386
4,A2,A4,0.2673,FLU,2000,Y,1,1,1,1,1,3.4074,2.25,1.1574,0.5787,5.26,0.06374,1.09366,1.09366
4,A3,A4,0.2306,FLU,2000,Y,1,1,1,1,1,3.3879,2.5706,0.8173,0.40865,5.34,0.06374,0.75356,0.75356
4,A4,A4,0.3991,FLU,2000,Y,1,1,1,1,1,3.391,2.4078,0.9832,0.4916,4.55,0.06374,0.91946,0.91946
4,A5,A4,0.2333,FLU,2000,N,1,1,NA,NA,NA,NA,NA,#VALUE!,#VALUE!,4.97,0.06374,#VALUE!,#VALUE!
4,A6,A4,0.3599,FLU,2000,Y,1,1,1,1,1,3.3393,2.2958,1.0435,0.52175,6.67,0.06374,0.97976,0.97976
4,A7,A4,0.1579,FLU,2000,N,1,1,NA,NA,NA,NA,NA,#VALUE!,#VALUE!,5.25,0.06374,#VALUE!,#VALUE!
4,A8,A4,0.4286,FLU,2000,Y,1,1,1,1,1,3.3011,2.0925,1.2086,0.6043,6.9,0.06374,1.14486,1.14486
4,A9,A4,0.1981,FLU,2000,Y,1,1,0,0,0,3.1986,2.0926,2.212,1.106,5.07,0.06374,2.14826,2.14826
4,A10,A4,0.1607,FLU,2000,Y,1,1,0,0,0,3.2934,NA,#VALUE!,#VALUE!,5.3,0.06374,#VALUE!,#VALUE!
4,A11,NC9,0.2359,FLU,2000,Y,1,1,1,1,1,3.3763,2.5331,0.8432,0.4216,5.31,0.06374,0.77946,0.77946
4,A12,NC9,0.1287,FLU,2000,N,1,1,NA,NA,NA,NA,NA,#VALUE!,#VALUE!,4.18,0.06374,#VALUE!,#VALUE!
4,A13,NC9,0.209,FLU,2000,Y,1,1,1,1,1,3.3057,2.1947,1.111,0.5555,5.54,0.06374,1.04726,1.04726
4,A14,NC9,0.218,FLU,2000,Y,1,1,1,1,1,3.3273,2.5527,0.7746,0.3873,5.64,0.06374,0.71086,0.71086
4,A15,NC9,0.2255,FLU,2000,Y,1,1,1,1,1,3.3827,2.402,0.9807,0.49035,5.27,0.06374,0.91696,0.91696
4,A16,NC10,0.1689,FLU,2000,N,1,1,NA,NA,NA,NA,NA,#VALUE!,#VALUE!,4.58,0.06374,#VALUE!,#VALUE!
4,A17,A1,0.1376,FLU,2000,N,1,1,NA,NA,NA,NA,NA,#VALUE!,#VALUE!,4.49,0.06374,#VALUE!,#VALUE!
4,A18,NC10,0.1569,FLU,2000,Y,1,1,1,1,1,3.3545,3.1783,0.1762,0.0881,4.68,0.06374,0.11246,0.11246
4,A19,A1,0.2414,FLU,2000,Y,1,1,1,1,1,3.3767,2.4519,0.9248,0.4624,5,0.06374,0.86106,0.86106
4,A20,NC10,0.1574,FLU,2000,N,1,1,NA,NA,NA,NA,NA,#VALUE!,#VALUE!,4.64,0.06374,#VALUE!,#VALUE!
4,A21,NC10,NA,FLU,2000,Y,1,1,1,1,1,NA,NA,#VALUE!,#VALUE!,,0.06374,#VALUE!,#VALUE!
4,B1,A4,0.1556,FLU,8000,Y,1,1,1,0,0,3.3524,3.2917,0.1214,0.0607,4.56,0.06374,0.05766,0.05766
4,B2,A4,0.3946,FLU,8000,Y,1,1,1,1,1,3.421,2.141,1.28,0.64,6.18,0.06374,1.21626,1.21626
4,B3,A4,0.2173,FLU,8000,N,1,1,NA,NA,NA,NA,NA,#VALUE!,#VALUE!,5.35,0.06374,#VALUE!,#VALUE!
4,B4,A4,0.2036,FLU,8000,Y,1,1,1,1,1,3.3582,2.1417,1.2165,0.60825,4.61,0.06374,1.15276,1.15276
4,B5,A4,0.1998,FLU,8000,N,1,1,NA,NA,NA,NA,NA,#VALUE!,#VALUE!,5.26,0.06374,#VALUE!,#VALUE!
4,B6,A4,0.1881,FLU,8000,N,1,1,NA,NA,NA,NA,NA,#VALUE!,#VALUE!,5.01,0.06374,#VALUE!,#VALUE!
4,B7,A4,0.1656,FLU,8000,N,1,1,NA,NA,NA,NA,NA,#VALUE!,#VALUE!,5.42,0.06374,#VALUE!,#VALUE!
4,B8,A4,0.179,FLU,8000,Y,1,0,0,0,0,NA,NA,#VALUE!,#VALUE!,4.98,0.06374,#VALUE!,#VALUE!
4,B9,A4,0.1904,FLU,8000,Y,1,1,1,1,1,3.368,2.1588,1.2092,0.6046,4.5,0.06374,1.14546,1.14546
4,B10,A4,0.1397,FLU,8000,N,1,1,NA,NA,NA,NA,NA,#VALUE!,#VALUE!,4.68,0.06374,#VALUE!,#VALUE!
4,B11,NC9,0.2269,FLU,8000,Y,1,1,1,1,1,3.3744,2.6056,0.7688,0.3844,5.21,0.06374,0.70506,0.70506
4,B12,NC9,0.2473,FLU,8000,Y,1,1,1,1,1,3.3502,2.4916,0.8586,0.4293,5.55,0.06374,0.79486,0.79486
4,B13,NC9,0.1334,FLU,8000,N,1,1,NA,NA,NA,NA,NA,#VALUE!,#VALUE!,4.45,0.06374,#VALUE!,#VALUE!
4,B14,NC9,0.1952,FLU,8000,N,1,1,NA,NA,NA,NA,NA,#VALUE!,#VALUE!,5.37,0.06374,#VALUE!,#VALUE!
4,B15,NC9,0.2528,FLU,8000,Y,1,1,1,1,1,3.3917,2.9581,0.4336,0.2168,5.24,0.06374,0.36986,0.36986
4,B16,NC10,0.1363,FLU,8000,Y,1,0,0,0,0,NA,NA,#VALUE!,#VALUE!,4.49,0.06374,#VALUE!,#VALUE!
4,B17,NC10,0.1725,FLU,8000,Y,1,0,0,0,0,NA,NA,#VALUE!,#VALUE!,5.07,0.06374,#VALUE!,#VALUE!
4,B18,A1,NA,FLU,8000,Y,1,1,1,1,1,3.2995,2.3653,0.9342,0.4671,4.75,0.06374,0.87046,0.87046
4,B19,NC10,0.2241,FLU,8000,Y,1,1,1,1,1,3.3712,2.9386,0.4326,0.2163,5.01,0.06374,0.36886,0.36886
4,B20,NC10,0.1934,FLU,8000,Y,1,0,0,0,0,NA,NA,#VALUE!,#VALUE!,5.24,0.06374,#VALUE!,#VALUE!
4,C1,A4,0.1534,FLU,32000,N,1,0,0,0,0,NA,NA,#VALUE!,#VALUE!,5.08,0.06374,#VALUE!,#VALUE!
4,C2,A4,0.1397,FLU,32000,Y,1,1,0,0,0,3.292,3.1975,0.189,0.0945,4.39,0.06374,0.12526,0.12526
4,C3,A4,0.1681,FLU,32000,Y,1,0,0,0,0,NA,NA,#VALUE!,#VALUE!,4.58,0.06374,#VALUE!,#VALUE!
4,C4,A4,0.22,FLU,32000,Y,1,1,0,0,0,NA,NA,#VALUE!,#VALUE!,4.94,0.06374,#VALUE!,#VALUE!
4,C5,A4,0.1856,FLU,32000,N,1,0,NA,NA,NA,NA,NA,#VALUE!,#VALUE!,5.18,0.06374,#VALUE!,#VALUE!
4,C6,A4,0.2423,FLU,32000,N,1,1,NA,NA,NA,NA,NA,#VALUE!,#VALUE!,5.53,0.06374,#VALUE!,#VALUE!
4,C7,A4,0.2573,FLU,32000,N,1,1,NA,NA,NA,NA,NA,#VALUE!,#VALUE!,5.77,0.06374,#VALUE!,#VALUE!
4,C8,A4,0.1225,FLU,32000,Y,1,0,0,0,0,NA,NA,#VALUE!,#VALUE!,4.65,0.06374,#VALUE!,#VALUE!
4,C9,A4,0.2,FLU,32000,N,1,0,NA,NA,NA,NA,NA,#VALUE!,#VALUE!,5.4,0.06374,#VALUE!,#VALUE!
4,C10,A4,0.1424,FLU,32000,N,1,0,NA,NA,NA,NA,NA,#VALUE!,#VALUE!,4.36,0.06374,#VALUE!,#VALUE!
4,C11,NC9,0.1962,FLU,32000,Y,1,1,0,0,0,3.3844,3.3217,0.1254,0.0627,5.24,0.06374,0.06166,0.06166
4,C12,NC9,0.1696,FLU,32000,Y,1,0,0,0,0,NA,NA,#VALUE!,#VALUE!,4.52,0.06374,#VALUE!,#VALUE!
4,C13,NC9,0.1954,FLU,32000,N,1,1,NA,NA,NA,NA,NA,#VALUE!,#VALUE!,5.36,0.06374,#VALUE!,#VALUE!
4,C14,NC9,0.2208,FLU,32000,Y,1,1,1,1,1,3.3154,2.8224,0.493,0.2465,5.17,0.06374,0.42926,0.42926
4,C15,NC9,0.2016,FLU,32000,Y,1,1,0,0,0,3.2948,3.2005,0.1886,0.0943,5.48,0.06374,0.12486,0.12486
4,C16,NC10,0.1652,FLU,32000,N,1,1,NA,NA,NA,NA,NA,#VALUE!,#VALUE!,4.88,0.06374,#VALUE!,#VALUE!
4,C17,NC10,0.1606,FLU,32000,Y,1,0,0,0,0,NA,NA,#VALUE!,#VALUE!,4.85,0.06374,#VALUE!,#VALUE!
4,C18,NC10,0.2286,FLU,32000,N,1,1,NA,NA,NA,NA,NA,#VALUE!,#VALUE!,5,0.06374,#VALUE!,#VALUE!
4,C19,NC10,0.1927,FLU,32000,N,1,1,NA,NA,NA,NA,NA,#VALUE!,#VALUE!,5.06,0.06374,#VALUE!,#VALUE!
4,C20,NC10,0.1423,FLU,32000,N,1,1,NA,NA,NA,NA,NA,#VALUE!,#VALUE!,4.72,0.06374,#VALUE!,#VALUE!
4,D1,A4,0.2211,FLU,24000,Y,1,1,0,0,0,3.3821,3.3507,0.0628,0.0314,5.56,0.06374,-0.00094,0
4,D2,A4,0.2113,FLU,24000,Y,1,0,0,0,0,NA,NA,#VALUE!,#VALUE!,4.91,0.06374,#VALUE!,#VALUE!
4,D3,A4,0.2671,FLU,24000,Y,1,1,1,1,1,3.3771,2.7024,0.6747,0.33735,5.03,0.06374,0.61096,0.61096
4,D4,A4,0.2237,FLU,24000,N,1,1,NA,NA,NA,NA,NA,#VALUE!,#VALUE!,4.93,0.06374,#VALUE!,#VALUE!
4,D5,A4,0.1957,FLU,24000,Y,1,1,1,1,1,3.3773,2.1275,1.2498,0.6249,4.75,0.06374,1.18606,1.18606
4,D6,A4,0.1083,FLU,24000,Y,1,0,0,0,0,NA,NA,#VALUE!,#VALUE!,3.55,0.06374,#VALUE!,#VALUE!
4,D7,A4,0.2696,FLU,24000,N,1,1,NA,NA,NA,NA,NA,#VALUE!,#VALUE!,5.66,0.06374,#VALUE!,#VALUE!
4,D8,A4,0.1728,FLU,24000,N,1,1,NA,NA,NA,NA,NA,#VALUE!,#VALUE!,5.11,0.06374,#VALUE!,#VALUE!
4,D9,A4,0.186,FLU,24000,N,1,1,NA,NA,NA,NA,NA,#VALUE!,#VALUE!,5.41,0.06374,#VALUE!,#VALUE!
4,D10,A4,0.1695,FLU,24000,N,1,1,NA,NA,NA,NA,NA,#VALUE!,#VALUE!,4.76,0.06374,#VALUE!,#VALUE!
4,D11,NC9,0.1928,FLU,24000,Y,1,1,1,1,1,3.3482,2.4826,0.8656,0.4328,4.88,0.06374,0.80186,0.80186
4,D12,NC9,0.1841,FLU,24000,Y,1,1,1,1,1,3.2979,3.0012,0.2967,0.14835,4.58,0.06374,0.23296,0.23296
4,D13,NC9,0.1498,FLU,24000,N,1,1,NA,NA,NA,NA,NA,#VALUE!,#VALUE!,4.79,0.06374,#VALUE!,#VALUE!
4,D14,NC9,0.1967,FLU,24000,Y,1,1,0,0,0,3.366,3.3156,0.1008,0.0504,5.4,0.06374,0.03706,0.03706
4,D15,NC9,0.1929,FLU,24000,N,1,1,NA,NA,NA,NA,NA,#VALUE!,#VALUE!,5.33,0.06374,#VALUE!,#VALUE!
4,D16,A1,0.2744,FLU,24000,Y,1,1,1,1,1,3.3845,2.9302,0.4543,0.22715,5.26,0.06374,0.39056,0.39056
4,D17,NC10,0.1528,FLU,24000,N,1,0,NA,NA,NA,NA,NA,#VALUE!,#VALUE!,5.03,0.06374,#VALUE!,#VALUE!
4,D18,A1,0.188,FLU,24000,Y,1,0,0,0,0,NA,NA,#VALUE!,#VALUE!,5.15,0.06374,#VALUE!,#VALUE!
4,D19,A1,0.1069,FLU,24000,N,1,1,NA,NA,NA,NA,NA,#VALUE!,#VALUE!,3.88,0.06374,#VALUE!,#VALUE!
4,D20,NC10,0.1911,FLU,24000,Y,1,0,0,0,0,NA,NA,#VALUE!,#VALUE!,5.06,0.06374,#VALUE!,#VALUE!
4,E1,A4,0.1769,FLU,16000,N,1,0,NA,NA,NA,NA,NA,#VALUE!,#VALUE!,4.91,0.06374,#VALUE!,#VALUE!
4,E2,A4,0.2767,FLU,16000,Y,1,1,1,1,1,3.3894,2.2631,1.1263,0.56315,5.48,0.06374,1.06256,1.06256
4,E3,A4,0.1979,FLU,16000,N,1,1,NA,NA,NA,NA,NA,#VALUE!,#VALUE!,5.21,0.06374,#VALUE!,#VALUE!
4,E4,A4,0.1785,FLU,16000,N,1,1,NA,NA,NA,NA,NA,#VALUE!,#VALUE!,5.3,0.06374,#VALUE!,#VALUE!
4,E5,A4,0.1681,FLU,16000,N,1,1,NA,NA,NA,NA,NA,#VALUE!,#VALUE!,4.65,0.06374,#VALUE!,#VALUE!
4,E6,A4,0.2055,FLU,16000,Y,1,0,0,0,0,3.3627,NA,#VALUE!,#VALUE!,5.51,0.06374,#VALUE!,#VALUE!
4,E7,A4,0.1643,FLU,16000,Y,1,0,0,0,0,3.3706,NA,#VALUE!,#VALUE!,4.98,0.06374,#VALUE!,#VALUE!
4,E8,A4,0.1729,FLU,16000,N,1,1,NA,NA,NA,NA,NA,#VALUE!,#VALUE!,5.11,0.06374,#VALUE!,#VALUE!
4,E9,A4,0.1488,FLU,16000,Y,1,1,0,0,0,3.3429,3.3122,0.0614,0.0307,5.16,0.06374,-0.00234,0
4,E10,A4,0.1924,FLU,16000,Y,1,0,0,0,0,3.3256,NA,#VALUE!,#VALUE!,5.22,0.06374,#VALUE!,#VALUE!
4,E11,NC9,0.1809,FLU,16000,N,1,1,NA,NA,NA,NA,NA,#VALUE!,#VALUE!,5.29,0.06374,#VALUE!,#VALUE!
4,E12,NC9,0.1851,FLU,16000,N,1,1,NA,NA,NA,NA,NA,#VALUE!,#VALUE!,5.36,0.06374,#VALUE!,#VALUE!
4,E13,NC9,0.2034,FLU,16000,N,1,1,NA,NA,NA,NA,NA,#VALUE!,#VALUE!,5.41,0.06374,#VALUE!,#VALUE!
4,E14,NC9,0.1741,FLU,16000,N,1,1,NA,NA,NA,NA,NA,#VALUE!,#VALUE!,5.22,0.06374,#VALUE!,#VALUE!
4,E15,NC9,0.1773,FLU,16000,N,1,1,NA,NA,NA,NA,NA,#VALUE!,#VALUE!,4.91,0.06374,#VALUE!,#VALUE!
4,E16,A1,0.0972,FLU,16000,Y,1,1,0,0,0,3.3813,3.3098,0.143,0.0715,3.43,0.06374,0.07926,0.07926
4,E17,A1,0.1448,FLU,16000,N,1,0,0,0,0,3.3119,NA,#VALUE!,#VALUE!,4.44,0.06374,#VALUE!,#VALUE!
4,E18,A1,0.1687,FLU,16000,Y,1,1,1,1,1,3.3301,2.4703,0.8598,0.4299,4.35,0.06374,0.79606,0.79606
4,E19,A1,0.1953,FLU,16000,Y,1,0,0,0,0,3.4508,NA,#VALUE!,#VALUE!,4.92,0.06374,#VALUE!,#VALUE!
4,E20,NC10,0.1409,FLU,16000,Y,1,0,0,0,0,3.3525,NA,#VALUE!,#VALUE!,4.4,0.06374,#VALUE!,#VALUE!
3,X1,NC10,0.1916,SLF,0,Y,1,1,1,1,1,3.3227,2.8357,0.487,0.2435,3.82,0.06878,0.41822,0.41822
3,X2,NC10,0.1907,SLF,0,N/A,0,NA,NA,NA,NA,3.3901,NA,#VALUE!,#VALUE!,5.95,0.06878,#VALUE!,#VALUE!
3,X3,NC10,0.226,SLF,0,Y,1,1,1,1,1,3.3918,2.8827,0.5091,0.25455,4.93,0.06878,0.44032,0.44032
3,X4,NC10,0.1563,SLF,0,N,1,1,NA,NA,NA,3.4062,NA,#VALUE!,#VALUE!,5.15,0.06878,#VALUE!,#VALUE!
3,X5,NC10,0.2572,SLF,0,Y,1,1,1,1,1,3.3109,2.9913,0.3196,0.1598,5.38,0.06878,0.25082,0.25082
3,X6,NC9,0.2941,SLF,0,Y,1,1,1,1,1,3.3815,2.1372,1.2443,0.62215,5.96,0.06878,1.17552,1.17552
3,X7,NC9,0.2598,SLF,0,Y,1,1,1,1,1,3.3533,2.4451,0.9082,0.4541,5.7,0.06878,0.83942,0.83942
3,X8,NC9,0.2036,SLF,0,Y,1,1,1,1,1,3.2677,2.1581,1.1096,0.5548,5.36,0.06878,1.04082,1.04082
3,X9,NC9,0.1975,SLF,0,NA,0,NA,NA,NA,NA,3.3173,NA,#VALUE!,#VALUE!,4.83,0.06878,#VALUE!,#VALUE!
3,X10,NC9,0.2242,SLF,0,Y,1,1,1,1,1,3.3847,2.6964,0.6883,0.34415,5.47,0.06878,0.61952,0.61952
3,X11,A1,0.3713,SLF,0,Y,1,1,1,1,1,3.3408,2.5333,0.8075,0.40375,6.43,0.06878,0.73872,0.73872
3,X12,A1,0.117,SLF,0,N,1,1,NA,NA,NA,3.2721,NA,#VALUE!,#VALUE!,4.35,0.06878,#VALUE!,#VALUE!
3,X13,A1,0.1757,SLF,0,Y,1,1,1,1,1,3.3705,2.1294,1.2411,0.62055,4.48,0.06878,1.17232,1.17232
3,X14,A1,0.1819,SLF,0,Y,1,1,1,1,1,3.3102,2.2142,1.096,0.548,4.76,0.06878,1.02722,1.02722
3,X15,A1,0.2447,SLF,0,Y,1,1,1,1,1,3.2677,2.13,1.1377,0.56885,5.75,0.06878,1.06892,1.06892
3,X16,A1,0.1624,SLF,0,Y,1,1,1,0,0,3.3684,3.257,0.2228,0.1114,5.81,0.06878,0.15402,0.15402
3,X17,A1,0.1483,SLF,0,Y,1,1,1,1,1,3.3475,2.14,1.2075,0.60375,4.85,0.06878,1.13872,1.13872
3,X18,A1,0.294,SLF,0,Y,1,1,1,1,1,3.3589,3.2222,0.1367,0.06835,5.84,0.06878,0.06792,0.06792
3,X19,A1,0.1483,SLF,0,Y,1,1,1,1,1,3.354,2.1515,1.2025,0.60125,3.57,0.06878,1.13372,1.13372
3,X20,A1,0.1287,SLF,0,N,1,1,NA,NA,NA,3.3898,NA,#VALUE!,#VALUE!,4.68,0.06878,#VALUE!,#VALUE!
3,A1,NC10,0.2068,SLF,800,Y,1,0,0,0,0,3.4095,NA,#VALUE!,#VALUE!,5.65,0.06878,#VALUE!,#VALUE!
3,A2,NC10,0.1588,SLF,800,Y,1,1,0,0,0,3.3463,3.2836,0.1254,0.0627,4.57,0.06878,0.05662,0.05662
3,A3,NC10,0.1463,SLF,800,N,1,1,NA,NA,NA,3.3362,NA,#VALUE!,#VALUE!,4.9,0.06878,#VALUE!,#VALUE!
3,A4,NC10,0.2261,SLF,800,N,1,1,NA,NA,NA,3.3856,NA,#VALUE!,#VALUE!,6.32,0.06878,#VALUE!,#VALUE!
3,A5,NC10,0.1725,SLF,800,N,1,1,NA,NA,NA,3.37,NA,#VALUE!,#VALUE!,4.94,0.06878,#VALUE!,#VALUE!
3,A6,NC9,0.203,SLF,800,Y,1,0,0,0,0,3.3229,NA,#VALUE!,#VALUE!,5.71,0.06878,#VALUE!,#VALUE!
3,A7,NC9,0.1989,SLF,800,Y,1,0,0,0,0,3.362,NA,#VALUE!,#VALUE!,5.47,0.06878,#VALUE!,#VALUE!
3,A8,NC9,0.2229,SLF,800,Y,1,0,0,0,0,3.3768,NA,#VALUE!,#VALUE!,5.72,0.06878,#VALUE!,#VALUE!
3,A9,NC9,0.2498,SLF,800,Y,1,0,0,0,0,3.3971,NA,#VALUE!,#VALUE!,5.08,0.06878,#VALUE!,#VALUE!
3,A10,NC9,0.2182,SLF,800,Y,1,0,0,0,0,3.3591,NA,#VALUE!,#VALUE!,5.38,0.06878,#VALUE!,#VALUE!
3,A11,A1,0.2491,SLF,800,Y,1,0,0,0,0,3.3519,NA,#VALUE!,#VALUE!,5.5,0.06878,#VALUE!,#VALUE!
3,A12,A1,0.1596,SLF,800,Y,1,0,0,0,0,3.409,NA,#VALUE!,#VALUE!,4.2,0.06878,#VALUE!,#VALUE!
3,A13,A1,0.1563,SLF,800,N,1,1,NA,NA,NA,3.3699,NA,#VALUE!,#VALUE!,4.22,0.06878,#VALUE!,#VALUE!
3,A14,A1,0.1792,SLF,800,N,1,1,NA,NA,NA,3.4024,NA,#VALUE!,#VALUE!,5,0.06878,#VALUE!,#VALUE!
3,A15,A1,0.2901,SLF,800,N,1,1,NA,NA,NA,3.3261,NA,#VALUE!,#VALUE!,5.91,0.06878,#VALUE!,#VALUE!
3,A16,A1,0.185,SLF,800,Y,1,1,0,0,0,3.3107,3.2294,0.1626,0.0813,5.39,0.06878,0.09382,0.09382
3,A17,A1,0.1989,SLF,800,Y,1,0,0,0,0,3.3832,NA,#VALUE!,#VALUE!,5.11,0.06878,#VALUE!,#VALUE!
3,A18,A1,0.2182,SLF,800,Y,1,0,0,0,0,3.3741,NA,#VALUE!,#VALUE!,5.2,0.06878,#VALUE!,#VALUE!
3,A19,A1,0.1424,SLF,800,N,1,1,NA,NA,NA,3.3882,NA,#VALUE!,#VALUE!,4.52,0.06878,#VALUE!,#VALUE!
3,A20,A1,0.1408,SLF,800,Y,1,0,0,0,0,3.3682,NA,#VALUE!,#VALUE!,4.35,0.06878,#VALUE!,#VALUE!
3,B1,NC10,0.1429,SLF,80,N,1,1,NA,NA,NA,3.3663,NA,#VALUE!,#VALUE!,4.77,0.06878,#VALUE!,#VALUE!
3,B2,NC10,0.1892,SLF,80,N,1,1,NA,NA,NA,3.3386,NA,#VALUE!,#VALUE!,5.16,0.06878,#VALUE!,#VALUE!
3,B3,NC10,0.18,SLF,80,N,1,1,NA,NA,NA,3.3652,NA,#VALUE!,#VALUE!,5.52,0.06878,#VALUE!,#VALUE!
3,B4,NC10,0.1817,SLF,80,N,1,1,NA,NA,NA,3.3567,NA,#VALUE!,#VALUE!,5.03,0.06878,#VALUE!,#VALUE!
3,B5,NC10,0.1454,SLF,80,N,1,1,NA,NA,NA,3.3581,NA,#VALUE!,#VALUE!,5.16,0.06878,#VALUE!,#VALUE!
3,B6,NC9,0.1827,SLF,80,Y,1,1,1,1,1,3.2545,2.8387,0.4158,0.2079,5.28,0.06878,0.34702,0.34702
3,B7,NC9,0.1447,SLF,80,Y,1,1,0,0,0,3.3087,3.2363,0.1448,0.0724,3.78,0.06878,0.07602,0.07602
3,B8,NC9,0.2121,SLF,80,Y,1,1,1,1,1,3.4007,2.2176,1.1831,0.59155,5.21,0.06878,1.11432,1.11432
3,B9,NC9,0.144,SLF,80,N,1,1,NA,NA,NA,3.3529,NA,#VALUE!,#VALUE!,5.02,0.06878,#VALUE!,#VALUE!
3,B10,NC9,0.1979,SLF,80,Y,1,1,1,1,1,3.4022,2.7721,0.6301,0.31505,5.3,0.06878,0.56132,0.56132
3,B11,A1,0.2171,SLF,80,N,1,1,NA,NA,NA,3.3665,NA,#VALUE!,#VALUE!,5.01,0.06878,#VALUE!,#VALUE!
3,B12,A1,0.2055,SLF,80,Y,1,1,1,1,1,3.3153,2.1882,1.1271,0.56355,4.92,0.06878,1.05832,1.05832
3,B13,A1,0.2159,SLF,80,Y,1,1,1,1,1,3.3451,2.584,0.7611,0.38055,5.01,0.06878,0.69232,0.69232
3,B14,A1,0.2338,SLF,80,N,1,1,NA,NA,NA,3.3034,NA,#VALUE!,#VALUE!,5.45,0.06878,#VALUE!,#VALUE!
3,B15,A1,0.1046,SLF,80,Y,1,1,0,0,0,3.3732,3.2833,0.1798,0.0899,3.75,0.06878,0.11102,0.11102
3,B16,A1,0.218,SLF,80,Y,1,1,1,1,1,3.3745,2.1298,1.2447,0.62235,5.32,0.06878,1.17592,1.17592
3,B17,A1,0.2256,SLF,80,N,1,1,NA,NA,NA,3.3685,NA,#VALUE!,#VALUE!,5.63,0.06878,#VALUE!,#VALUE!
3,B18,A1,0.1826,SLF,80,N,1,1,NA,NA,NA,3.3763,NA,#VALUE!,#VALUE!,5.01,0.06878,#VALUE!,#VALUE!
3,B19,A1,0.2398,SLF,80,N,1,1,NA,NA,NA,3.4151,NA,#VALUE!,#VALUE!,5.37,0.06878,#VALUE!,#VALUE!
3,B20,A1,0.2036,SLF,80,Y,1,1,1,1,1,3.3632,2.1654,1.1978,0.5989,4.96,0.06878,1.12902,1.12902
3,C1,NC10,0.181,SLF,8,Y,1,1,1,1,1,3.3441,3.0896,0.2545,0.12725,4.71,0.06878,0.18572,0.18572
3,C2,NC10,0.2099,SLF,8,Y,1,1,1,0,0,3.3465,2.5058,1.6814,0.8407,5.72,0.06878,1.61262,1.61262
3,C3,NC10,0.2053,SLF,8,N,1,1,NA,NA,NA,3.3559,NA,#VALUE!,#VALUE!,5.34,0.06878,#VALUE!,#VALUE!
3,C4,NC10,0.1895,SLF,8,N,1,1,NA,NA,NA,3.3645,NA,#VALUE!,#VALUE!,5.27,0.06878,#VALUE!,#VALUE!
3,C5,NC10,0.2557,SLF,8,N,1,1,NA,NA,NA,3.4178,NA,#VALUE!,#VALUE!,5.78,0.06878,#VALUE!,#VALUE!
3,C6,NC9,0.2382,SLF,8,Y,1,1,1,1,1,3.3362,2.5701,0.7661,0.38305,5.43,0.06878,0.69732,0.69732
3,C7,NC9,0.1869,SLF,8,Y,1,1,1,1,1,3.2885,2.7877,0.5008,0.2504,4.8,0.06878,0.43202,0.43202
3,C8,NC9,0.1464,SLF,8,Y,1,1,1,1,1,3.3287,2.7144,0.6143,0.30715,4.7,0.06878,0.54552,0.54552
3,C9,NC9,0.1579,SLF,8,N,1,1,NA,NA,NA,3.2522,NA,#VALUE!,#VALUE!,4.96,0.06878,#VALUE!,#VALUE!
3,C10,NC9,0.1822,SLF,8,Y,1,1,1,,,3.3595,2.9561,0.8068,0.4034,5.15,0.06878,0.73802,0.73802
3,C11,G1,0.1741,SLF,8,Y,1,1,1,1,1,3.3593,2.085,1.2743,0.63715,5.13,0.06878,1.20552,1.20552
3,C12,G1,0.2012,SLF,8,Y,1,1,1,1,1,3.3958,2.1279,1.2679,0.63395,5.13,0.06878,1.19912,1.19912
3,C13,G1,0.2533,SLF,8,N,1,1,NA,NA,NA,3.3851,NA,#VALUE!,#VALUE!,5.63,0.06878,#VALUE!,#VALUE!
3,C14,G1,0.2114,SLF,8,Y,1,1,1,1,1,3.3915,2.1306,1.2609,0.63045,5.35,0.06878,1.19212,1.19212
3,C15,G1,0.186,SLF,8,N,1,1,NA,NA,NA,3.3365,NA,#VALUE!,#VALUE!,4.52,0.06878,#VALUE!,#VALUE!
3,C16,G1,0.2939,SLF,8,Y,1,1,1,1,1,3.4045,2.127,1.2775,0.63875,5.99,0.06878,1.20872,1.20872
3,C17,G1,0.1447,SLF,8,Y,1,1,1,1,1,3.2427,2.2103,1.0324,0.5162,4.65,0.06878,0.96362,0.96362
3,C18,A1,0.2026,SLF,8,Y,1,1,1,1,1,3.3897,2.5947,0.795,0.3975,5.22,0.06878,0.72622,0.72622
3,C19,G1,0.2479,SLF,8,Y,1,1,1,1,1,3.3618,2.1155,1.2463,0.62315,5.47,0.06878,1.17752,1.17752
3,C20,G1,0.2322,SLF,8,Y,1,1,1,1,1,3.3123,2.2036,1.1087,0.55435,5.51,0.06878,1.03992,1.03992
3,D1,NC10,0.1782,SLF,4,N,1,1,NA,NA,NA,3.3603,NA,#VALUE!,#VALUE!,4.51,0.06878,#VALUE!,#VALUE!
3,D2,NC10,0.2,SLF,4,Y,1,1,1,1,1,3.3924,2.4285,0.9639,0.48195,5.29,0.06878,0.89512,0.89512
3,D3,NC10,0.1222,SLF,4,N,1,1,NA,NA,NA,3.386,NA,#VALUE!,#VALUE!,4.11,0.06878,#VALUE!,#VALUE!
3,D4,NC10,0.23,SLF,4,Y,1,1,1,1,1,3.3773,2.1389,1.2384,0.6192,5.18,0.06878,1.16962,1.16962
3,D5,NC10,0.2172,SLF,4,N,1,1,NA,NA,NA,3.3199,NA,#VALUE!,#VALUE!,5.52,0.06878,#VALUE!,#VALUE!
3,D6,NC9,0.1722,SLF,4,Y,1,1,1,1,1,3.3529,2.1534,1.1995,0.59975,5.26,0.06878,1.13072,1.13072
3,D7,NC9,0.1453,SLF,4,N,1,1,NA,NA,NA,3.3928,NA,#VALUE!,#VALUE!,5.08,0.06878,#VALUE!,#VALUE!
3,D8,NC9,0.1865,SLF,4,Y,1,1,1,1,1,3.3425,2.9282,0.4143,0.20715,4.77,0.06878,0.34552,0.34552
3,D9,NC9,0.2192,SLF,4,Y,1,1,1,1,1,3.3766,2.6073,0.7693,0.38465,5.17,0.06878,0.70052,0.70052
3,D10,NC9,0.1714,SLF,4,N,1,1,NA,NA,NA,3.4328,NA,#VALUE!,#VALUE!,4.62,0.06878,#VALUE!,#VALUE!
3,D11,A1,0.1674,SLF,4,N,1,1,NA,NA,NA,3.3736,NA,#VALUE!,#VALUE!,4.75,0.06878,#VALUE!,#VALUE!
3,D12,A1,0.1244,SLF,4,Y,1,1,1,1,1,3.3671,3.1123,0.2548,0.1274,4.4,0.06878,0.18602,0.18602
3,D13,G1,0.1673,SLF,4,N,1,1,NA,NA,NA,3.1586,NA,#VALUE!,#VALUE!,5.11,0.06878,#VALUE!,#VALUE!
3,D14,G1,0.1561,SLF,4,Y,1,1,0,0,0,3.3586,3.3003,0.1166,0.0583,3.9,0.06878,0.04782,0.04782
3,D15,G1,0.2341,SLF,4,Y,1,1,1,1,1,3.3823,2.1592,1.2231,0.61155,5.22,0.06878,1.15432,1.15432
3,D16,A1,0.1257,SLF,4,N,1,1,NA,NA,NA,3.3387,NA,#VALUE!,#VALUE!,4.18,0.06878,#VALUE!,#VALUE!
3,D17,A1,0.1633,SLF,4,N,1,1,NA,NA,NA,3.3978,NA,#VALUE!,#VALUE!,4.6,0.06878,#VALUE!,#VALUE!
3,D18,A1,0.2528,SLF,4,Y,1,1,1,1,1,3.3601,2.1144,1.2457,0.62285,5.1,0.06878,1.17692,1.17692
3,D19,A1,0.1913,SLF,4,N,1,1,NA,NA,NA,3.3407,NA,#VALUE!,#VALUE!,4.82,0.06878,#VALUE!,#VALUE!
3,D20,A1,0.2344,SLF,4,N,1,1,NA,NA,NA,3.3417,NA,#VALUE!,#VALUE!,5.21,0.06878,#VALUE!,#VALUE!
3,A21,E10,0.0878,SLF,800,Y,1,0,0,0,0,3.3116,NA,#VALUE!,#VALUE!,3.02,0.06878,#VALUE!,#VALUE!
3,A22,E10,0.1333,SLF,800,Y,1,0,0,0,0,3.3954,NA,#VALUE!,#VALUE!,4.37,0.06878,#VALUE!,#VALUE!
3,A23,E10,0.1503,SLF,800,N,1,1,NA,NA,NA,3.3935,NA,#VALUE!,#VALUE!,4.84,0.06878,#VALUE!,#VALUE!
3,A24,E10,0.16,SLF,800,N,1,1,NA,NA,NA,3.3423,NA,#VALUE!,#VALUE!,5.14,0.06878,#VALUE!,#VALUE!
3,A25,E10,0.1779,SLF,800,N,1,1,NA,NA,NA,3.3428,NA,#VALUE!,#VALUE!,5.58,0.06878,#VALUE!,#VALUE!
3,A26,NC9,0.1483,SLF,800,Y,1,0,0,0,0,3.4031,NA,#VALUE!,#VALUE!,4.62,0.06878,#VALUE!,#VALUE!
3,A27,NC9,0.1877,SLF,800,Y,1,0,0,0,0,3.3144,NA,#VALUE!,#VALUE!,5.28,0.06878,#VALUE!,#VALUE!
3,C26,NC9,0.1954,SLF,8,N,1,1,NA,NA,NA,3.3956,NA,#VALUE!,#VALUE!,5.69,0.06878,#VALUE!,#VALUE!
3,C27,NC9,0.1786,SLF,8,Y,1,1,1,1,1,3.3515,2.1375,1.214,0.607,5.07,0.06878,1.14522,1.14522
3,D26,NC9,0.1534,SLF,4,N,1,1,NA,NA,NA,3.3671,NA,#VALUE!,#VALUE!,4.97,0.06878,#VALUE!,#VALUE!
3,C21,G1,0.1837,SLF,8,Y,1,1,1,1,1,3.3635,2.1379,1.2256,0.6128,4.83,0.06878,1.15682,1.15682
3,C22,G1,0.2248,SLF,8,Y,1,1,1,1,1,3.3701,2.1005,1.2696,0.6348,5.01,0.06878,1.20082,1.20082
3,C23,G1,0.1891,SLF,8,Y,1,1,1,1,1,3.3393,2.1095,1.2298,0.6149,4.74,0.06878,1.16102,1.16102
3,C24,G1,0.2764,SLF,8,N,1,1,NA,NA,NA,3.3916,NA,#VALUE!,#VALUE!,5.54,0.06878,#VALUE!,#VALUE!
3,C25,G1,0.4161,SLF,8,N,1,1,NA,NA,NA,3.3595,NA,#VALUE!,#VALUE!,7.18,0.06878,#VALUE!,#VALUE!
3,D21,G1,0.2305,SLF,4,N,1,1,NA,NA,NA,3.3269,NA,#VALUE!,#VALUE!,5.3,0.06878,#VALUE!,#VALUE!
3,D22,G1,0.2181,SLF,4,Y,1,0,0,0,0,3.3696,NA,#VALUE!,#VALUE!,4.9,0.06878,#VALUE!,#VALUE!
3,D23,G1,0.1278,SLF,4,Y,1,1,1,1,1,3.3629,2.6908,0.6721,0.33605,4.07,0.06878,0.60332,0.60332
3,D24,G1,0.1613,SLF,4,N,1,1,NA,NA,NA,3.3454,NA,#VALUE!,#VALUE!,5.39,0.06878,#VALUE!,#VALUE!
3,D25,G1,0.243,SLF,4,N,1,1,NA,NA,NA,3.4117,NA,#VALUE!,#VALUE!,5.39,0.06878,#VALUE!,#VALUE!
1,X1,NC10,0.1984,NIC,0,Y,1,1,1,1,1,3.3724,2.584,0.7884,0.3942,5.09,0.06822,0.72018,0.72018
1,X2,NC10,0.1448,NIC,0,Y,1,1,0,0,0,3.3534,2.5475,1.6118,0.8059,5.12,0.06822,1.54358,1.54358
1,X3,NC10,0.1505,NIC,0,Y,1,1,1,1,1,3.2614,2.1308,1.1306,0.5653,5.03,0.06822,1.06238,1.06238
1,X4,NC10,0.1007,NIC,0,N,1,1,NA,NA,NA,3.3884,NA,#VALUE!,#VALUE!,3.81,0.06822,#VALUE!,#VALUE!
1,X5,NC10,0.218,NIC,0,Y,1,1,1,1,1,3.3877,NA,#VALUE!,#VALUE!,5.15,0.06822,#VALUE!,#VALUE!
1,X6,NC9,0.2182,NIC,0,Y,1,1,1,1,1,3.3755,2.5763,0.7992,0.3996,5.44,0.06822,0.73098,0.73098
1,X7,NC9,0.1796,NIC,0,N,1,1,NA,NA,NA,3.315,NA,#VALUE!,#VALUE!,5.32,0.06822,#VALUE!,#VALUE!
1,X8,NC9,0.159,NIC,0,N,1,1,NA,NA,NA,3.2832,NA,#VALUE!,#VALUE!,5.21,0.06822,#VALUE!,#VALUE!
1,X9,NC9,0.266,NIC,0,Y,1,1,1,1,1,3.3545,2.771,0.5835,0.29175,5.43,0.06822,0.51528,0.51528
1,X10,NC9,0.1783,NIC,0,Y,1,1,1,1,1,3.3466,2.652,0.6946,0.3473,5,0.06822,0.62638,0.62638
1,X11,NC9,0.186,NIC,0,Y,1,1,1,1,1,3.2262,2.2363,0.9899,0.49495,4.98,0.06822,0.92168,0.92168
1,X12,NC9,0.2426,NIC,0,Y,1,1,1,1,1,3.387,2.4444,0.9426,0.4713,5.91,0.06822,0.87438,0.87438
1,A1,NC10,0.1958,NIC,50000,N,1,1,NA,NA,NA,3.1251,NA,#VALUE!,#VALUE!,5.24,0.06822,#VALUE!,#VALUE!
1,A2,NC10,0.1754,NIC,50000,N,1,1,NA,NA,NA,3.2915,NA,#VALUE!,#VALUE!,5.48,0.06822,#VALUE!,#VALUE!
1,A3,NC10,0.1533,NIC,50000,N,1,1,NA,NA,NA,3.3553,NA,#VALUE!,#VALUE!,4.93,0.06822,#VALUE!,#VALUE!
1,A4,NC10,0.2223,NIC,50000,Y,1,1,1,1,1,3.3426,2.1778,1.1648,0.5824,5.42,0.06822,1.09658,1.09658
1,A5,NC10,0.1579,NIC,50000,Y,1,1,0,0,0,3.3355,3.2975,0.076,0.038,5.22,0.06822,0.00778,0.00778
1,A6,NC9,0.1471,NIC,50000,N,1,1,NA,NA,NA,3.3247,NA,#VALUE!,#VALUE!,5.11,0.06822,#VALUE!,#VALUE!
1,A7,NC9,0.1881,NIC,50000,N,1,1,NA,NA,NA,3.3363,NA,#VALUE!,#VALUE!,5.4,0.06822,#VALUE!,#VALUE!
1,A8,NC9,0.1739,NIC,50000,Y,1,1,0,,,3.3585,3.3096,0.0978,0.0489,4.82,0.06822,0.02958,0.02958
1,A9,NC9,0.1964,NIC,50000,N,1,1,NA,NA,NA,3.3771,NA,#VALUE!,#VALUE!,5.08,0.06822,#VALUE!,#VALUE!
1,A10,NC9,0.2218,NIC,50000,Y,1,1,1,1,1,3.3277,2.7777,0.55,0.275,4.93,0.06822,0.48178,0.48178
1,A11,NC9,0.2044,NIC,50000,Y,1,1,1,1,1,3.3267,2.1961,1.1306,0.5653,3.99,0.06822,1.06238,1.06238
1,A12,NC9,0.1745,NIC,50000,N,1,1,NA,NA,NA,3.3908,NA,#VALUE!,#VALUE!,5.08,0.06822,#VALUE!,#VALUE!
1,B1,NC10,0.1842,NIC,150000,N,1,1,NA,NA,NA,3.3278,NA,#VALUE!,#VALUE!,5.27,0.06822,#VALUE!,#VALUE!
1,B2,NC10,0.0891,NIC,150000,N,1,1,NA,NA,NA,3.3074,NA,#VALUE!,#VALUE!,3.63,0.06822,#VALUE!,#VALUE!
1,B3,NC10,0.1682,NIC,150000,N,1,1,NA,NA,NA,3.3205,NA,#VALUE!,#VALUE!,5.27,0.06822,#VALUE!,#VALUE!
1,B4,NC10,0.2809,NIC,150000,Y,1,1,0,0,0,3.3405,3.3036,0.0738,0.0369,5.97,0.06822,0.00558,0.00558
1,B5,NC10,0.1351,NIC,150000,Y,1,0,0,0,0,3.3232,NA,#VALUE!,#VALUE!,4.49,0.06822,#VALUE!,#VALUE!
1,B6,NC9,0.2171,NIC,150000,N,1,1,NA,NA,NA,3.3625,NA,#VALUE!,#VALUE!,5.45,0.06822,#VALUE!,#VALUE!
1,B7,NC9,0.2019,NIC,150000,N,1,1,NA,NA,NA,3.2957,NA,#VALUE!,#VALUE!,4.96,0.06822,#VALUE!,#VALUE!
1,B8,NC9,0.1176,NIC,150000,Y,1,1,1,1,1,3.3655,3.016,0.3495,0.17475,3.32,0.06822,0.28128,0.28128
1,B9,NC9,0.2309,NIC,150000,Y,1,1,1,1,1,3.3475,2.7992,0.5483,0.27415,5.44,0.06822,0.48008,0.48008
1,B10,NC9,0.2194,NIC,150000,Y,1,1,1,1,1,3.3468,2.0003,1.3465,0.67325,5.32,0.06822,1.27828,1.27828
1,B11,NC9,0.219,NIC,150000,N,1,1,NA,NA,NA,3.2721,NA,#VALUE!,#VALUE!,5.74,0.06822,#VALUE!,#VALUE!
1,B12,NC9,0.2501,NIC,150000,Y,1,1,1,1,1,3.3402,2.5752,0.765,0.3825,5.14,0.06822,0.69678,0.69678
1,C1,NC10,0.2703,NIC,5000,N,1,1,NA,NA,NA,3.3449,NA,#VALUE!,#VALUE!,5.59,0.06822,#VALUE!,#VALUE!
1,C2,NC10,0.223,NIC,5000,Y,1,1,1,1,1,3.3601,2.943,0.4171,0.20855,5.5,0.06822,0.34888,0.34888
1,C3,NC10,0.1599,NIC,5000,Y,1,1,1,1,1,3.3324,2.97,0.3624,0.1812,4.94,0.06822,0.29418,0.29418
1,C4,NC10,0.1787,NIC,5000,Y,1,1,1,1,1,3.2879,3.1068,0.1811,0.09055,5.22,0.06822,0.11288,0.11288
1,C5,NC10,0.2179,NIC,5000,Y,1,1,1,1,1,3.3804,2.72,0.6604,0.3302,6.02,0.06822,0.59218,0.59218
1,C6,NC9,0.1599,NIC,5000,N,1,1,NA,NA,NA,3.3757,NA,#VALUE!,#VALUE!,5.11,0.06822,#VALUE!,#VALUE!
1,C7,NC9,0.1828,NIC,5000,Y,1,1,1,1,1,3.3064,2.86,0.4464,0.2232,4.5,0.06822,0.37818,0.37818
1,C8,NC9,0.2226,NIC,5000,Y,1,1,1,1,1,3.3424,2.1235,1.2189,0.60945,5.09,0.06822,1.15068,1.15068
1,C9,NC9,0.2232,NIC,5000,N,1,1,NA,NA,NA,3.3332,NA,#VALUE!,#VALUE!,5.32,0.06822,#VALUE!,#VALUE!
1,C10,NC9,0.1984,NIC,5000,Y,1,1,1,1,1,3.2953,2.453,0.8423,0.42115,5.09,0.06822,0.77408,0.77408
1,C11,NC9,0.1915,NIC,5000,N,1,1,NA,NA,NA,3.2504,NA,#VALUE!,#VALUE!,5.47,0.06822,#VALUE!,#VALUE!
1,C12,NC9,0.2968,NIC,5000,Y,1,1,1,1,1,3.3384,2.2724,1.066,0.533,5.28,0.06822,0.99778,0.99778
1,D1,NC10,0.1879,NIC,300000,Y,1,1,0,0,0,3.3397,3.3139,0.0516,0.0258,5.35,0.06822,-0.01662,0
1,D2,NC10,0.2039,NIC,300000,N,1,1,NA,NA,NA,3.3496,NA,#VALUE!,#VALUE!,5.2,0.06822,#VALUE!,#VALUE!
1,D3,NC10,0.1952,NIC,300000,Y,1,0,0,0,0,3.2994,NA,#VALUE!,#VALUE!,4.81,0.06822,#VALUE!,#VALUE!
1,D4,NC10,0.1827,NIC,300000,Y,1,0,0,0,0,3.31,NA,#VALUE!,#VALUE!,4.94,0.06822,#VALUE!,#VALUE!
1,D5,NC10,0.1611,NIC,300000,N,1,1,NA,NA,NA,3.3252,NA,#VALUE!,#VALUE!,4.82,0.06822,#VALUE!,#VALUE!
1,D6,NC9,0.1609,NIC,300000,N,1,1,NA,NA,NA,3.3235,NA,#VALUE!,#VALUE!,4.61,0.06822,#VALUE!,#VALUE!
1,D7,NC9,0.1214,NIC,300000,N,1,1,NA,NA,NA,3.3707,NA,#VALUE!,#VALUE!,3.9,0.06822,#VALUE!,#VALUE!
1,D8,NC9,0.1759,NIC,300000,Y,1,0,0,0,0,3.3676,NA,#VALUE!,#VALUE!,5.14,0.06822,#VALUE!,#VALUE!
1,D9,NC9,0.197,NIC,300000,N,1,1,NA,NA,NA,3.353,NA,#VALUE!,#VALUE!,4.79,0.06822,#VALUE!,#VALUE!
1,D10,NC9,0.1717,NIC,300000,N,1,1,NA,NA,NA,2.9013,NA,#VALUE!,#VALUE!,4.6,0.06822,#VALUE!,#VALUE!
1,D11,NC9,0.1597,NIC,300000,N,1,1,NA,NA,NA,3.3125,NA,#VALUE!,#VALUE!,4.86,0.06822,#VALUE!,#VALUE!
1,D12,NC9,0.2045,NIC,300000,N,1,1,NA,NA,NA,3.3425,NA,#VALUE!,#VALUE!,4.93,0.06822,#VALUE!,#VALUE!
1,E1,NC10,0.1542,NIC,25000,Y,1,1,1,1,1,3.3875,NA,#VALUE!,#VALUE!,4.44,0.06822,#VALUE!,#VALUE!
1,E2,NC10,0.204,NIC,25000,N,1,1,NA,NA,NA,3.3939,NA,#VALUE!,#VALUE!,5.28,0.06822,#VALUE!,#VALUE!
1,E3,NC10,0.3121,NIC,25000,Y,1,1,1,1,1,3.3709,3.1378,0.2331,0.11655,5.14,0.06822,0.16488,0.16488
1,E4,NC10,0.0988,NIC,25000,Y,1,1,1,1,1,3.3842,3.0435,0.3407,0.17035,3.73,0.06822,0.27248,0.27248
1,E5,NC10,0.241,NIC,25000,Y,1,1,0,0,0,3.318,3.2776,0.0808,0.0404,5.64,0.06822,0.01258,0.01258
1,E6,NC9,0.1859,NIC,25000,Y,1,1,1,1,1,3.3465,2.2148,1.1317,0.56585,5.17,0.06822,1.06348,1.06348
1,E7,NC9,0.2175,NIC,25000,Y,1,0,0,0,0,3.3505,NA,#VALUE!,#VALUE!,5.13,0.06822,#VALUE!,#VALUE!
1,E8,NC9,0.2239,NIC,25000,N,1,1,NA,NA,NA,3.3049,NA,#VALUE!,#VALUE!,4.96,0.06822,#VALUE!,#VALUE!
1,E9,NC9,0.1775,NIC,25000,N,1,1,NA,NA,NA,3.3896,NA,#VALUE!,#VALUE!,4.78,0.06822,#VALUE!,#VALUE!
1,E10,NC9,0.2143,NIC,25000,N,1,1,NA,NA,NA,3.4084,NA,#VALUE!,#VALUE!,5.19,0.06822,#VALUE!,#VALUE!
1,E11,NC9,0.1991,NIC,25000,Y,1,1,1,1,1,3.2547,2.1266,1.1281,0.56405,5.39,0.06822,1.05988,1.05988
1,E12,NC9,0.2538,NIC,25000,Y,,1,1,1,1,3.3471,2.3478,0.9993,0.49965,5.54,0.06822,0.93108,0.93108
2,A1,A1,0.1987,ACETONE,5,Y,1,1,1,1,1,3.37,3.01,#VALUE!,#VALUE!,NA,0.06822,#VALUE!,#VALUE!
2,A2,A1,0.2064,ACETONE,5,Y,1,1,1,1,1,3.3177,2.1312,1.1865,0.59325,NA,0.06822,1.1293,1.1293
2,A3,A2,0.1884,ACETONE,5,Y,1,1,1,1,1,3.318,3.0686,0.2494,0.1247,NA,0.06822,0.1922,0.1922
2,A4,A2,0.26,ACETONE,5,Y,1,1,1,1,1,3.3869,3.2102,0.1767,0.08835,NA,0.06822,0.1195,0.1195
2,A5,A2,0.1544,ACETONE,5,Y,1,1,NA,NA,NA,3.3397,NA,#VALUE!,#VALUE!,NA,0.06822,#VALUE!,#VALUE!
2,A6,A1,0.2433,ACETONE,10,Y,1,1,1,1,1,3.3632,3.2169,0.1463,0.07315,NA,0.06822,0.0891,0.0891
2,A7,A1,0.1544,ACETONE,10,Y,1,1,1,1,1,3.3479,2.4993,0.8486,0.4243,NA,0.06822,0.7914,0.7914
2,A8,A2,0.1611,ACETONE,10,Y,1,1,1,1,1,3.3625,NA,#VALUE!,#VALUE!,NA,0.06822,#VALUE!,#VALUE!
2,A9,A2,0.149,ACETONE,10,Y,1,1,1,1,1,3.314,NA,#VALUE!,#VALUE!,NA,0.06822,#VALUE!,#VALUE!
2,A10,A2,0.211,ACETONE,10,Y,1,1,1,1,1,3.3856,2.9947,0.3909,0.19545,NA,0.06822,0.3337,0.3337
2,A11,A1,0.167,ACETONE,0.25,Y,1,1,1,1,1,3.3996,NA,#VALUE!,#VALUE!,NA,0.06822,#VALUE!,#VALUE!
2,A12,A1,0.1834,ACETONE,0.25,Y,1,1,1,1,1,3.2841,2.2836,1.0005,0.50025,NA,0.06822,0.9433,0.9433
2,A13,A2,0.1845,ACETONE,0.25,Y,1,1,1,1,1,3.3115,3.2262,0.1706,0.0853,NA,0.06822,0.1134,0.1134
2,A14,A2,0.221,ACETONE,0.25,Y,1,1,1,1,1,3.3864,NA,#VALUE!,#VALUE!,NA,0.06822,#VALUE!,#VALUE!
2,A15,A2,0.1996,ACETONE,0.25,Y,1,1,1,1,1,3.3338,3.183,0.3016,0.1508,NA,0.06822,0.2444,0.2444
